x, y, 
-7.5, 5.1400000000000015, 
-7.5, 5.090000000000001, 
-7.5, 5.04, 
-7.5, 4.990000000000001, 
-7.5, 4.94, 
-7.5, 4.8900000000000015, 
-7.5, 4.840000000000001, 
-7.5, 4.79, 
-7.5, 4.740000000000001, 
-7.5, 4.69, 
-7.5, 4.6400000000000015, 
-7.5, 4.590000000000001, 
-7.5, 4.54, 
-7.5, 4.490000000000001, 
-7.5, 4.44, 
-7.5, 4.3900000000000015, 
-7.5, 4.340000000000001, 
-7.5, 4.29, 
-7.5, 4.240000000000001, 
-7.5, 4.19, 
-7.5, 4.1400000000000015, 
-7.5, 4.04, 
-7.5, 3.990000000000001, 
-7.5, 3.9400000000000004, 
-7.5, 3.8900000000000006, 
-7.5, 3.8400000000000007, 
-7.5, 3.790000000000001, 
-7.5, 3.740000000000001, 
-7.5, 3.6900000000000004, 
-7.5, 3.5900000000000007, 
-7.5, 3.540000000000001, 
-7.5, 3.490000000000001, 
-7.5, 3.4400000000000004, 
-7.45, 5.1400000000000015, 
-7.45, 5.090000000000001, 
-7.45, 5.04, 
-7.45, 4.990000000000001, 
-7.45, 4.94, 
-7.45, 4.8900000000000015, 
-7.45, 4.840000000000001, 
-7.45, 4.79, 
-7.45, 4.740000000000001, 
-7.45, 4.69, 
-7.45, 4.6400000000000015, 
-7.45, 4.590000000000001, 
-7.45, 4.54, 
-7.45, 4.490000000000001, 
-7.45, 4.44, 
-7.45, 4.3900000000000015, 
-7.45, 4.340000000000001, 
-7.45, 4.29, 
-7.45, 4.240000000000001, 
-7.45, 4.19, 
-7.45, 4.1400000000000015, 
-7.45, 4.090000000000001, 
-7.45, 4.04, 
-7.45, 3.990000000000001, 
-7.45, 3.9400000000000004, 
-7.45, 3.8900000000000006, 
-7.45, 3.8400000000000007, 
-7.45, 3.790000000000001, 
-7.45, 3.740000000000001, 
-7.45, 3.6900000000000004, 
-7.45, 3.6400000000000006, 
-7.45, 3.5900000000000007, 
-7.45, 3.540000000000001, 
-7.45, 3.490000000000001, 
-7.45, 3.4400000000000004, 
-7.45, 3.3900000000000006, 
-7.45, 3.3400000000000007, 
-7.45, 3.290000000000001, 
-7.45, 3.240000000000001, 
-7.45, 3.1900000000000004, 
-7.45, 3.1400000000000006, 
-7.45, 3.0900000000000007, 
-7.45, 3.040000000000001, 
-7.45, 2.990000000000001, 
-7.45, 2.9400000000000004, 
-7.45, 2.8900000000000006, 
-7.45, 2.8400000000000007, 
-7.45, 2.790000000000001, 
-7.45, 2.740000000000001, 
-7.45, 2.6900000000000004, 
-7.45, 2.6400000000000006, 
-7.45, 2.5900000000000007, 
-7.45, 2.540000000000001, 
-7.45, 2.490000000000001, 
-7.45, 2.4400000000000004, 
-7.45, 2.3900000000000006, 
-7.45, 2.3400000000000007, 
-7.45, 2.290000000000001, 
-7.45, 2.240000000000001, 
-7.45, 2.1900000000000004, 
-7.45, 2.1400000000000006, 
-7.45, 2.0900000000000007, 
-7.45, 2.040000000000001, 
-7.45, 1.990000000000001, 
-7.45, 1.9400000000000004, 
-7.45, 1.8900000000000006, 
-7.45, 1.8400000000000007, 
-7.45, 1.790000000000001, 
-7.45, 1.740000000000001, 
-7.45, 1.6900000000000004, 
-7.45, 1.6400000000000006, 
-7.45, 1.5900000000000007, 
-7.45, 1.540000000000001, 
-7.45, 1.490000000000001, 
-7.45, 1.4400000000000004, 
-7.45, 1.240000000000001, 
-7.45, 0.5900000000000007, 
-7.4, 5.1400000000000015, 
-7.4, 2.0900000000000007, 
-7.4, 1.990000000000001, 
-7.4, 1.9400000000000004, 
-7.4, 1.8900000000000006, 
-7.4, 1.790000000000001, 
-7.4, 1.740000000000001, 
-7.4, 1.6900000000000004, 
-7.4, 1.6400000000000006, 
-7.4, 1.5900000000000007, 
-7.4, 1.540000000000001, 
-7.4, 1.490000000000001, 
-7.4, 1.4400000000000004, 
-7.4, 1.3900000000000006, 
-7.4, 1.3400000000000007, 
-7.4, 1.290000000000001, 
-7.4, 1.240000000000001, 
-7.4, 1.1900000000000004, 
-7.4, 1.1400000000000006, 
-7.4, 1.0900000000000007, 
-7.4, 1.040000000000001, 
-7.4, 0.9900000000000011, 
-7.4, 0.9400000000000004, 
-7.4, 0.7400000000000011, 
-7.4, 0.6900000000000004, 
-7.4, 0.6400000000000006, 
-7.4, 0.5900000000000007, 
-7.4, 0.5400000000000009, 
-7.4, 0.4900000000000002, 
-7.4, 0.4400000000000004, 
-7.4, 0.39000000000000057, 
-7.4, 0.34000000000000075, 
-7.4, 0.2900000000000009, 
-7.4, 0.2400000000000002, 
-7.4, 0.1900000000000004, 
-7.4, 0.14000000000000057, 
-7.4, 0.09000000000000075, 
-7.4, 0.040000000000000924, 
-7.4, -0.009999999999999787, 
-7.4, -0.05999999999999961, 
-7.4, -0.10999999999999943, 
-7.4, -0.15999999999999925, 
-7.4, -0.20999999999999952, 
-7.4, -0.25999999999999934, 
-7.4, -0.3099999999999996, 
-7.4, -0.35999999999999943, 
-7.4, -0.40999999999999925, 
-7.4, -0.4599999999999995, 
-7.4, -0.5099999999999993, 
-7.4, -0.5599999999999996, 
-7.4, -0.6099999999999994, 
-7.4, -0.6599999999999993, 
-7.4, -0.7099999999999995, 
-7.4, -0.7599999999999993, 
-7.4, -0.8099999999999996, 
-7.4, -0.8599999999999994, 
-7.4, -0.9099999999999993, 
-7.4, -0.9599999999999995, 
-7.4, -1.0099999999999993, 
-7.4, -1.0599999999999996, 
-7.4, -1.1099999999999994, 
-7.4, -1.1599999999999993, 
-7.4, -1.2099999999999995, 
-7.4, -1.2599999999999993, 
-7.4, -1.3099999999999996, 
-7.4, -1.3599999999999994, 
-7.4, -1.4099999999999993, 
-7.4, -1.4599999999999995, 
-7.4, -1.5099999999999993, 
-7.4, -1.5599999999999996, 
-7.4, -1.6099999999999994, 
-7.4, -1.6599999999999993, 
-7.4, -1.7099999999999995, 
-7.4, -1.7599999999999993, 
-7.4, -1.8099999999999996, 
-7.4, -1.8599999999999994, 
-7.4, -1.9099999999999997, 
-7.4, -1.9599999999999995, 
-7.35, 5.1400000000000015, 
-7.35, 0.9900000000000011, 
-7.35, 0.9400000000000004, 
-7.35, 0.7400000000000011, 
-7.35, 0.6900000000000004, 
-7.35, -0.4599999999999995, 
-7.35, -0.6599999999999993, 
-7.35, -0.7099999999999995, 
-7.35, -0.7599999999999993, 
-7.35, -0.8599999999999994, 
-7.35, -0.9099999999999993, 
-7.35, -0.9599999999999995, 
-7.35, -1.0099999999999993, 
-7.35, -1.0599999999999996, 
-7.35, -1.1099999999999994, 
-7.35, -1.1599999999999993, 
-7.35, -1.2099999999999995, 
-7.35, -1.2599999999999993, 
-7.35, -1.3099999999999996, 
-7.35, -1.3599999999999994, 
-7.35, -1.4099999999999993, 
-7.35, -1.4599999999999995, 
-7.35, -1.5099999999999993, 
-7.35, -1.5599999999999996, 
-7.35, -1.6099999999999994, 
-7.35, -1.6599999999999993, 
-7.35, -1.7099999999999995, 
-7.35, -1.7599999999999993, 
-7.35, -1.8099999999999996, 
-7.35, -1.8599999999999994, 
-7.35, -1.9099999999999997, 
-7.35, -1.9599999999999995, 
-7.35, -2.0099999999999993, 
-7.35, -2.0599999999999996, 
-7.35, -2.1099999999999994, 
-7.35, -2.1599999999999993, 
-7.35, -2.2099999999999995, 
-7.35, -2.26, 
-7.35, -2.3099999999999996, 
-7.35, -2.3599999999999994, 
-7.35, -2.4099999999999993, 
-7.35, -2.4599999999999995, 
-7.35, -2.51, 
-7.35, -2.5599999999999996, 
-7.35, -2.6099999999999994, 
-7.35, -2.6599999999999993, 
-7.35, -2.7099999999999995, 
-7.35, -2.76, 
-7.35, -2.8099999999999996, 
-7.35, -2.8599999999999994, 
-7.35, -2.9099999999999993, 
-7.35, -2.9599999999999995, 
-7.35, -3.01, 
-7.35, -3.0599999999999996, 
-7.35, -3.1099999999999994, 
-7.35, -3.1599999999999997, 
-7.35, -3.2099999999999995, 
-7.35, -3.26, 
-7.35, -3.3099999999999996, 
-7.35, -3.3599999999999994, 
-7.35, -3.4099999999999997, 
-7.35, -3.4599999999999995, 
-7.35, -3.51, 
-7.35, -3.5599999999999996, 
-7.35, -3.6099999999999994, 
-7.35, -3.6599999999999997, 
-7.35, -3.7099999999999995, 
-7.35, -3.8099999999999996, 
-7.35, -3.8599999999999994, 
-7.3, 5.1400000000000015, 
-7.3, 0.9400000000000004, 
-7.3, 0.7400000000000011, 
-7.3, 0.6900000000000004, 
-7.3, -3.5599999999999996, 
-7.3, -3.6599999999999997, 
-7.3, -3.7099999999999995, 
-7.3, -3.76, 
-7.3, -3.8099999999999996, 
-7.3, -3.9099999999999997, 
-7.3, -3.9599999999999995, 
-7.3, -4.01, 
-7.25, 5.1400000000000015, 
-7.25, 0.9400000000000004, 
-7.25, 0.7400000000000011, 
-7.25, 0.6900000000000004, 
-7.25, -3.9599999999999995, 
-7.25, -4.01, 
-7.2, 5.1400000000000015, 
-7.2, 0.9900000000000011, 
-7.2, 0.9400000000000004, 
-7.2, 0.7400000000000011, 
-7.2, 0.6900000000000004, 
-7.2, -3.9599999999999995, 
-7.2, -4.01, 
-7.15, 5.1400000000000015, 
-7.15, 0.9900000000000011, 
-7.15, 0.9400000000000004, 
-7.15, 0.7400000000000011, 
-7.15, 0.6900000000000004, 
-7.15, -3.9599999999999995, 
-7.15, -4.01, 
-7.1, 0.9900000000000011, 
-7.1, 0.9400000000000004, 
-7.1, 0.7400000000000011, 
-7.1, 0.6900000000000004, 
-7.1, -3.9599999999999995, 
-7.1, -4.01, 
-7.05, 5.1400000000000015, 
-7.05, 5.090000000000001, 
-7.05, 5.04, 
-7.05, 4.990000000000001, 
-7.05, 4.94, 
-7.05, 4.8900000000000015, 
-7.05, 4.840000000000001, 
-7.05, 4.79, 
-7.05, 4.740000000000001, 
-7.05, 0.9900000000000011, 
-7.05, 0.7400000000000011, 
-7.05, 0.6900000000000004, 
-7.05, -3.9599999999999995, 
-7.05, -4.01, 
-7.0, 5.1400000000000015, 
-7.0, 5.090000000000001, 
-7.0, 5.04, 
-7.0, 4.94, 
-7.0, 4.8900000000000015, 
-7.0, 4.840000000000001, 
-7.0, 4.79, 
-7.0, 0.7400000000000011, 
-7.0, 0.6900000000000004, 
-7.0, -3.9599999999999995, 
-7.0, -4.01, 
-6.95, 5.1400000000000015, 
-6.95, 1.3900000000000006, 
-6.95, 1.3400000000000007, 
-6.95, 1.290000000000001, 
-6.95, 1.240000000000001, 
-6.95, 1.1900000000000004, 
-6.95, 1.1400000000000006, 
-6.95, 1.0900000000000007, 
-6.95, 1.040000000000001, 
-6.95, 0.9900000000000011, 
-6.95, 0.9400000000000004, 
-6.95, 0.8900000000000006, 
-6.95, 0.7400000000000011, 
-6.95, 0.6900000000000004, 
-6.95, -3.9599999999999995, 
-6.95, -4.01, 
-6.9, 5.1400000000000015, 
-6.9, 0.9400000000000004, 
-6.9, 0.8900000000000006, 
-6.9, 0.7400000000000011, 
-6.9, 0.6900000000000004, 
-6.9, -3.9599999999999995, 
-6.9, -4.01, 
-6.85, 5.1400000000000015, 
-6.85, 0.9400000000000004, 
-6.85, 0.8900000000000006, 
-6.85, 0.7400000000000011, 
-6.85, 0.6900000000000004, 
-6.85, -3.9599999999999995, 
-6.8, 5.1400000000000015, 
-6.8, 0.9400000000000004, 
-6.8, 0.8900000000000006, 
-6.8, 0.7400000000000011, 
-6.8, 0.6900000000000004, 
-6.8, -3.9599999999999995, 
-6.8, -4.01, 
-6.75, 5.1400000000000015, 
-6.75, 0.9400000000000004, 
-6.75, 0.8900000000000006, 
-6.75, 0.8400000000000007, 
-6.75, 0.7900000000000009, 
-6.75, 0.7400000000000011, 
-6.75, 0.6900000000000004, 
-6.75, -3.9599999999999995, 
-6.75, -4.01, 
-6.7, 5.1400000000000015, 
-6.7, -3.9599999999999995, 
-6.7, -4.01, 
-6.65, 5.1400000000000015, 
-6.65, -3.9599999999999995, 
-6.65, -4.01, 
-6.6, 5.1400000000000015, 
-6.6, -3.9599999999999995, 
-6.6, -4.01, 
-6.55, 5.1400000000000015, 
-6.55, -3.9599999999999995, 
-6.55, -4.01, 
-6.5, 5.1400000000000015, 
-6.5, -3.9599999999999995, 
-6.45, 5.1400000000000015, 
-6.45, -3.9599999999999995, 
-6.45, -4.01, 
-6.4, 5.1400000000000015, 
-6.4, -3.9599999999999995, 
-6.4, -4.01, 
-6.35, 5.1400000000000015, 
-6.35, -3.9599999999999995, 
-6.35, -4.01, 
-6.3, 5.1400000000000015, 
-6.3, -3.9599999999999995, 
-6.25, 5.1400000000000015, 
-6.25, -3.9599999999999995, 
-6.2, 5.1400000000000015, 
-6.2, -3.9599999999999995, 
-6.15, 5.1400000000000015, 
-6.15, 5.090000000000001, 
-6.15, 5.04, 
-6.15, 4.990000000000001, 
-6.15, 4.94, 
-6.15, 4.8900000000000015, 
-6.15, 4.840000000000001, 
-6.15, 4.79, 
-6.15, 4.740000000000001, 
-6.15, -3.9599999999999995, 
-6.1, 5.1400000000000015, 
-6.1, 5.090000000000001, 
-6.1, 5.04, 
-6.1, 4.990000000000001, 
-6.1, 4.94, 
-6.1, 4.8900000000000015, 
-6.1, 4.840000000000001, 
-6.1, 4.79, 
-6.1, -3.9599999999999995, 
-6.05, 5.1400000000000015, 
-6.05, -3.9599999999999995, 
-6.0, 5.19, 
-6.0, 5.1400000000000015, 
-6.0, -3.9599999999999995, 
-5.95, 5.19, 
-5.95, 5.1400000000000015, 
-5.95, -3.9599999999999995, 
-5.9, 5.19, 
-5.9, 5.1400000000000015, 
-5.9, -3.9599999999999995, 
-5.85, 5.19, 
-5.85, 5.1400000000000015, 
-5.85, 0.9400000000000004, 
-5.85, 0.8900000000000006, 
-5.85, 0.8400000000000007, 
-5.85, 0.7900000000000009, 
-5.85, 0.7400000000000011, 
-5.85, -3.9599999999999995, 
-5.8, 5.19, 
-5.8, 5.1400000000000015, 
-5.8, 0.9400000000000004, 
-5.8, 0.7400000000000011, 
-5.8, -3.9599999999999995, 
-5.75, 5.19, 
-5.75, 5.1400000000000015, 
-5.75, 0.9900000000000011, 
-5.75, 0.9400000000000004, 
-5.75, 0.7400000000000011, 
-5.75, -3.9599999999999995, 
-5.7, 5.19, 
-5.7, 5.1400000000000015, 
-5.7, 0.9900000000000011, 
-5.7, 0.9400000000000004, 
-5.7, 0.7400000000000011, 
-5.7, -3.9599999999999995, 
-5.65, 5.19, 
-5.65, 5.1400000000000015, 
-5.65, 0.9900000000000011, 
-5.65, 0.9400000000000004, 
-5.65, 0.7400000000000011, 
-5.65, -1.4599999999999995, 
-5.65, -1.9099999999999997, 
-5.65, -1.9599999999999995, 
-5.65, -2.4099999999999993, 
-5.65, -3.9599999999999995, 
-5.6, 5.19, 
-5.6, 5.1400000000000015, 
-5.6, 0.9900000000000011, 
-5.6, 0.9400000000000004, 
-5.6, 0.7400000000000011, 
-5.6, -1.4099999999999993, 
-5.6, -1.4599999999999995, 
-5.6, -1.9099999999999997, 
-5.6, -1.9599999999999995, 
-5.6, -2.4099999999999993, 
-5.6, -3.9599999999999995, 
-5.55, 5.19, 
-5.55, 5.1400000000000015, 
-5.55, 0.9900000000000011, 
-5.55, 0.9400000000000004, 
-5.55, 0.7400000000000011, 
-5.55, -1.4099999999999993, 
-5.55, -1.4599999999999995, 
-5.55, -1.8599999999999994, 
-5.55, -1.9099999999999997, 
-5.55, -2.4099999999999993, 
-5.55, -3.9599999999999995, 
-5.5, 5.19, 
-5.5, 5.1400000000000015, 
-5.5, 0.9900000000000011, 
-5.5, 0.9400000000000004, 
-5.5, 0.7400000000000011, 
-5.5, -1.4099999999999993, 
-5.5, -1.4599999999999995, 
-5.5, -1.9099999999999997, 
-5.5, -2.4099999999999993, 
-5.5, -3.9599999999999995, 
-5.449999999999999, 5.19, 
-5.449999999999999, 5.1400000000000015, 
-5.449999999999999, 0.9900000000000011, 
-5.449999999999999, 0.9400000000000004, 
-5.449999999999999, 0.7400000000000011, 
-5.449999999999999, -1.4099999999999993, 
-5.449999999999999, -1.4599999999999995, 
-5.449999999999999, -1.9099999999999997, 
-5.449999999999999, -2.3599999999999994, 
-5.449999999999999, -2.4099999999999993, 
-5.449999999999999, -3.9599999999999995, 
-5.4, 5.19, 
-5.4, 5.1400000000000015, 
-5.4, 0.9900000000000011, 
-5.4, 0.9400000000000004, 
-5.4, 0.7400000000000011, 
-5.4, -1.4099999999999993, 
-5.4, -1.4599999999999995, 
-5.4, -1.9099999999999997, 
-5.4, -2.4099999999999993, 
-5.4, -3.9599999999999995, 
-5.35, 5.19, 
-5.35, 5.1400000000000015, 
-5.35, 0.9900000000000011, 
-5.35, 0.9400000000000004, 
-5.35, 0.7400000000000011, 
-5.35, -1.4099999999999993, 
-5.35, -1.4599999999999995, 
-5.35, -1.9099999999999997, 
-5.35, -2.4099999999999993, 
-5.35, -3.9099999999999997, 
-5.35, -3.9599999999999995, 
-5.3, 5.19, 
-5.3, 5.1400000000000015, 
-5.3, 5.090000000000001, 
-5.3, 5.04, 
-5.3, 4.990000000000001, 
-5.3, 4.94, 
-5.3, 4.8900000000000015, 
-5.3, 4.79, 
-5.3, 4.740000000000001, 
-5.3, 4.69, 
-5.3, 0.9900000000000011, 
-5.3, 0.9400000000000004, 
-5.3, 0.7400000000000011, 
-5.3, -1.3599999999999994, 
-5.3, -1.4099999999999993, 
-5.3, -1.4599999999999995, 
-5.3, -1.9099999999999997, 
-5.3, -2.4099999999999993, 
-5.3, -3.9599999999999995, 
-5.25, 5.1400000000000015, 
-5.25, 5.090000000000001, 
-5.25, 5.04, 
-5.25, 4.990000000000001, 
-5.25, 4.94, 
-5.25, 4.8900000000000015, 
-5.25, 4.840000000000001, 
-5.25, 4.79, 
-5.25, 4.740000000000001, 
-5.25, 4.69, 
-5.25, 4.6400000000000015, 
-5.25, 4.590000000000001, 
-5.25, 4.54, 
-5.25, 4.490000000000001, 
-5.25, 2.0900000000000007, 
-5.25, 2.040000000000001, 
-5.25, 1.990000000000001, 
-5.25, 1.9400000000000004, 
-5.25, 1.8900000000000006, 
-5.25, 1.8400000000000007, 
-5.25, 1.790000000000001, 
-5.25, 1.740000000000001, 
-5.25, 1.6900000000000004, 
-5.25, 1.6400000000000006, 
-5.25, 1.5900000000000007, 
-5.25, 1.540000000000001, 
-5.25, 1.490000000000001, 
-5.25, 1.4400000000000004, 
-5.25, 1.3900000000000006, 
-5.25, 1.3400000000000007, 
-5.25, 1.290000000000001, 
-5.25, 1.240000000000001, 
-5.25, 1.1900000000000004, 
-5.25, 1.1400000000000006, 
-5.25, 1.0900000000000007, 
-5.25, 1.040000000000001, 
-5.25, 0.9900000000000011, 
-5.25, 0.9400000000000004, 
-5.25, 0.7400000000000011, 
-5.25, -1.4099999999999993, 
-5.25, -1.4599999999999995, 
-5.25, -1.9099999999999997, 
-5.25, -2.3599999999999994, 
-5.25, -2.4099999999999993, 
-5.25, -3.9599999999999995, 
-5.199999999999999, 4.490000000000001, 
-5.199999999999999, 2.0900000000000007, 
-5.199999999999999, 2.040000000000001, 
-5.199999999999999, 1.9400000000000004, 
-5.199999999999999, 1.8900000000000006, 
-5.199999999999999, 1.8400000000000007, 
-5.199999999999999, 1.790000000000001, 
-5.199999999999999, 1.740000000000001, 
-5.199999999999999, 1.6900000000000004, 
-5.199999999999999, 1.6400000000000006, 
-5.199999999999999, 1.5900000000000007, 
-5.199999999999999, 1.540000000000001, 
-5.199999999999999, 1.490000000000001, 
-5.199999999999999, 1.4400000000000004, 
-5.199999999999999, 1.3900000000000006, 
-5.199999999999999, 1.3400000000000007, 
-5.199999999999999, 1.290000000000001, 
-5.199999999999999, 1.240000000000001, 
-5.199999999999999, 1.1900000000000004, 
-5.199999999999999, 1.1400000000000006, 
-5.199999999999999, 1.0900000000000007, 
-5.199999999999999, 1.040000000000001, 
-5.199999999999999, 0.9900000000000011, 
-5.199999999999999, 0.9400000000000004, 
-5.199999999999999, 0.7400000000000011, 
-5.199999999999999, 0.6900000000000004, 
-5.199999999999999, 0.6400000000000006, 
-5.199999999999999, 0.5900000000000007, 
-5.199999999999999, 0.5400000000000009, 
-5.199999999999999, 0.4900000000000002, 
-5.199999999999999, 0.4400000000000004, 
-5.199999999999999, 0.39000000000000057, 
-5.199999999999999, 0.34000000000000075, 
-5.199999999999999, 0.2900000000000009, 
-5.199999999999999, 0.2400000000000002, 
-5.199999999999999, 0.1900000000000004, 
-5.199999999999999, 0.14000000000000057, 
-5.199999999999999, 0.09000000000000075, 
-5.199999999999999, 0.040000000000000924, 
-5.199999999999999, -0.009999999999999787, 
-5.199999999999999, -0.05999999999999961, 
-5.199999999999999, -0.10999999999999943, 
-5.199999999999999, -0.15999999999999925, 
-5.199999999999999, -0.20999999999999952, 
-5.199999999999999, -0.25999999999999934, 
-5.199999999999999, -0.3099999999999996, 
-5.199999999999999, -0.35999999999999943, 
-5.199999999999999, -0.40999999999999925, 
-5.199999999999999, -0.4599999999999995, 
-5.199999999999999, -0.5099999999999993, 
-5.199999999999999, -0.5599999999999996, 
-5.199999999999999, -0.6099999999999994, 
-5.199999999999999, -0.6599999999999993, 
-5.199999999999999, -0.7099999999999995, 
-5.199999999999999, -0.7599999999999993, 
-5.199999999999999, -0.8099999999999996, 
-5.199999999999999, -0.8599999999999994, 
-5.199999999999999, -0.9099999999999993, 
-5.199999999999999, -0.9599999999999995, 
-5.199999999999999, -1.0099999999999993, 
-5.199999999999999, -1.0599999999999996, 
-5.199999999999999, -1.1099999999999994, 
-5.199999999999999, -1.1599999999999993, 
-5.199999999999999, -1.2099999999999995, 
-5.199999999999999, -1.2599999999999993, 
-5.199999999999999, -1.3099999999999996, 
-5.199999999999999, -1.3599999999999994, 
-5.199999999999999, -1.4099999999999993, 
-5.199999999999999, -1.4599999999999995, 
-5.199999999999999, -1.5099999999999993, 
-5.199999999999999, -1.5599999999999996, 
-5.199999999999999, -1.6099999999999994, 
-5.199999999999999, -1.6599999999999993, 
-5.199999999999999, -1.7099999999999995, 
-5.199999999999999, -1.7599999999999993, 
-5.199999999999999, -1.8099999999999996, 
-5.199999999999999, -1.8599999999999994, 
-5.199999999999999, -1.9099999999999997, 
-5.199999999999999, -2.2099999999999995, 
-5.199999999999999, -2.26, 
-5.199999999999999, -2.3099999999999996, 
-5.199999999999999, -2.3599999999999994, 
-5.199999999999999, -2.4099999999999993, 
-5.199999999999999, -3.9599999999999995, 
-5.15, 5.04, 
-5.15, 4.990000000000001, 
-5.15, 4.94, 
-5.15, 4.8900000000000015, 
-5.15, 4.840000000000001, 
-5.15, 4.79, 
-5.15, 4.740000000000001, 
-5.15, 4.69, 
-5.15, 4.6400000000000015, 
-5.15, 4.590000000000001, 
-5.15, 4.54, 
-5.15, 4.490000000000001, 
-5.15, 2.0900000000000007, 
-5.15, 2.040000000000001, 
-5.15, -0.4599999999999995, 
-5.15, -0.5599999999999996, 
-5.15, -0.6099999999999994, 
-5.15, -0.6599999999999993, 
-5.15, -0.7099999999999995, 
-5.15, -0.7599999999999993, 
-5.15, -0.8099999999999996, 
-5.15, -0.8599999999999994, 
-5.15, -0.9099999999999993, 
-5.15, -0.9599999999999995, 
-5.15, -1.0099999999999993, 
-5.15, -1.0599999999999996, 
-5.15, -1.1099999999999994, 
-5.15, -1.1599999999999993, 
-5.15, -1.2099999999999995, 
-5.15, -1.2599999999999993, 
-5.15, -1.3099999999999996, 
-5.15, -1.3599999999999994, 
-5.15, -1.4099999999999993, 
-5.15, -1.4599999999999995, 
-5.15, -1.7099999999999995, 
-5.15, -1.8099999999999996, 
-5.15, -2.26, 
-5.15, -2.3099999999999996, 
-5.15, -2.3599999999999994, 
-5.15, -2.4099999999999993, 
-5.15, -3.0599999999999996, 
-5.15, -3.1099999999999994, 
-5.15, -3.1599999999999997, 
-5.15, -3.2099999999999995, 
-5.15, -3.26, 
-5.15, -3.3099999999999996, 
-5.15, -3.3599999999999994, 
-5.15, -3.4099999999999997, 
-5.15, -3.4599999999999995, 
-5.15, -3.51, 
-5.15, -3.5599999999999996, 
-5.15, -3.6099999999999994, 
-5.15, -3.6599999999999997, 
-5.15, -3.7099999999999995, 
-5.15, -3.76, 
-5.15, -3.8099999999999996, 
-5.15, -3.8599999999999994, 
-5.15, -3.9099999999999997, 
-5.15, -3.9599999999999995, 
-5.1, 5.19, 
-5.1, 5.1400000000000015, 
-5.1, 5.090000000000001, 
-5.1, 5.04, 
-5.1, 4.990000000000001, 
-5.1, 4.94, 
-5.1, 4.8900000000000015, 
-5.1, 4.840000000000001, 
-5.1, 4.79, 
-5.1, 4.740000000000001, 
-5.1, 4.69, 
-5.1, 4.6400000000000015, 
-5.1, 4.590000000000001, 
-5.1, 4.54, 
-5.1, 4.490000000000001, 
-5.1, 2.0900000000000007, 
-5.1, 2.040000000000001, 
-5.1, 1.990000000000001, 
-5.1, 1.9400000000000004, 
-5.1, 1.8900000000000006, 
-5.1, 1.8400000000000007, 
-5.1, 1.790000000000001, 
-5.1, 1.740000000000001, 
-5.1, 1.6900000000000004, 
-5.1, 1.6400000000000006, 
-5.1, 1.5900000000000007, 
-5.1, 1.540000000000001, 
-5.1, 1.490000000000001, 
-5.1, 1.4400000000000004, 
-5.1, 1.3900000000000006, 
-5.1, 1.3400000000000007, 
-5.1, 1.290000000000001, 
-5.1, 1.240000000000001, 
-5.1, 1.1900000000000004, 
-5.1, 1.1400000000000006, 
-5.1, 1.0900000000000007, 
-5.1, 1.040000000000001, 
-5.1, 0.9900000000000011, 
-5.1, 0.9400000000000004, 
-5.1, 0.8900000000000006, 
-5.1, 0.8400000000000007, 
-5.1, 0.7900000000000009, 
-5.1, 0.7400000000000011, 
-5.1, 0.6900000000000004, 
-5.1, 0.6400000000000006, 
-5.1, 0.5900000000000007, 
-5.1, 0.5400000000000009, 
-5.1, 0.4900000000000002, 
-5.1, 0.4400000000000004, 
-5.1, 0.39000000000000057, 
-5.1, 0.34000000000000075, 
-5.1, 0.040000000000000924, 
-5.1, -0.7599999999999993, 
-5.1, -1.4599999999999995, 
-5.1, -1.7099999999999995, 
-5.1, -1.9599999999999995, 
-5.1, -3.6599999999999997, 
-5.1, -3.76, 
-5.1, -3.8599999999999994, 
-5.1, -3.9099999999999997, 
-5.05, 5.19, 
-5.05, 5.1400000000000015, 
-5.05, 2.040000000000001, 
-5.05, 1.990000000000001, 
-5.05, 1.9400000000000004, 
-5.05, 1.8400000000000007, 
-5.05, 1.790000000000001, 
-5.05, 1.740000000000001, 
-5.05, 1.6900000000000004, 
-5.05, 1.6400000000000006, 
-5.05, 1.5900000000000007, 
-5.05, 1.540000000000001, 
-5.05, 1.490000000000001, 
-5.05, 1.4400000000000004, 
-5.05, 1.3900000000000006, 
-5.05, 1.3400000000000007, 
-5.05, 1.290000000000001, 
-5.05, 1.240000000000001, 
-5.05, 1.1900000000000004, 
-5.05, 1.1400000000000006, 
-5.05, 1.0900000000000007, 
-5.05, 1.040000000000001, 
-5.05, 0.9900000000000011, 
-5.05, 0.9400000000000004, 
-5.05, 0.8900000000000006, 
-5.05, 0.8400000000000007, 
-5.05, 0.7900000000000009, 
-5.05, 0.7400000000000011, 
-5.05, 0.6900000000000004, 
-5.05, 0.6400000000000006, 
-5.05, 0.5900000000000007, 
-5.05, 0.5400000000000009, 
-5.05, 0.4900000000000002, 
-5.05, 0.4400000000000004, 
-5.05, 0.39000000000000057, 
-5.05, 0.34000000000000075, 
-5.05, 0.2900000000000009, 
-5.05, 0.2400000000000002, 
-5.05, 0.1900000000000004, 
-5.05, 0.14000000000000057, 
-5.05, 0.09000000000000075, 
-5.05, 0.040000000000000924, 
-5.05, -0.009999999999999787, 
-5.05, -0.05999999999999961, 
-5.05, -0.10999999999999943, 
-5.05, -0.15999999999999925, 
-5.05, -0.20999999999999952, 
-5.05, -0.25999999999999934, 
-5.05, -0.3099999999999996, 
-5.05, -0.35999999999999943, 
-5.05, -0.40999999999999925, 
-5.05, -0.4599999999999995, 
-5.05, -0.5099999999999993, 
-5.05, -0.5599999999999996, 
-5.05, -0.6099999999999994, 
-5.05, -0.6599999999999993, 
-5.05, -0.7099999999999995, 
-5.05, -0.7599999999999993, 
-5.05, -0.8099999999999996, 
-5.05, -0.8599999999999994, 
-5.05, -0.9099999999999993, 
-5.05, -0.9599999999999995, 
-5.05, -1.0099999999999993, 
-5.05, -1.0599999999999996, 
-5.05, -1.1099999999999994, 
-5.05, -1.1599999999999993, 
-5.05, -1.2099999999999995, 
-5.05, -1.2599999999999993, 
-5.05, -1.3099999999999996, 
-5.05, -1.3599999999999994, 
-5.05, -1.4099999999999993, 
-5.05, -1.4599999999999995, 
-5.05, -1.5099999999999993, 
-5.05, -1.6099999999999994, 
-5.05, -1.6599999999999993, 
-5.05, -1.7099999999999995, 
-5.05, -1.7599999999999993, 
-5.05, -1.8599999999999994, 
-5.05, -1.9099999999999997, 
-5.05, -1.9599999999999995, 
-5.05, -2.0599999999999996, 
-5.05, -2.1099999999999994, 
-5.0, 5.19, 
-5.0, 5.1400000000000015, 
-5.0, -0.10999999999999943, 
-5.0, -0.15999999999999925, 
-4.949999999999999, 4.840000000000001, 
-4.949999999999999, 4.79, 
-4.949999999999999, 4.740000000000001, 
-4.949999999999999, -0.10999999999999943, 
-4.949999999999999, -0.15999999999999925, 
-4.949999999999999, -0.20999999999999952, 
-4.9, 4.740000000000001, 
-4.9, 4.69, 
-4.9, -0.10999999999999943, 
-4.9, -0.15999999999999925, 
-4.85, 4.69, 
-4.85, 4.6400000000000015, 
-4.85, -0.10999999999999943, 
-4.85, -0.15999999999999925, 
-4.8, 5.1400000000000015, 
-4.8, 4.6400000000000015, 
-4.8, -0.10999999999999943, 
-4.8, -0.15999999999999925, 
-4.8, -0.20999999999999952, 
-4.75, 5.19, 
-4.75, 5.1400000000000015, 
-4.75, 4.6400000000000015, 
-4.75, -0.10999999999999943, 
-4.75, -0.15999999999999925, 
-4.699999999999999, 5.19, 
-4.699999999999999, 5.1400000000000015, 
-4.699999999999999, 4.6400000000000015, 
-4.699999999999999, -0.10999999999999943, 
-4.699999999999999, -0.15999999999999925, 
-4.65, 5.19, 
-4.65, 5.1400000000000015, 
-4.65, 5.090000000000001, 
-4.65, 4.69, 
-4.65, 4.6400000000000015, 
-4.65, -0.10999999999999943, 
-4.65, -0.15999999999999925, 
-4.6, 5.19, 
-4.6, 5.1400000000000015, 
-4.6, 5.04, 
-4.6, 4.69, 
-4.6, 4.6400000000000015, 
-4.6, -0.10999999999999943, 
-4.6, -0.15999999999999925, 
-4.55, 5.19, 
-4.55, 5.1400000000000015, 
-4.55, 5.04, 
-4.55, 4.990000000000001, 
-4.55, 4.94, 
-4.55, 4.79, 
-4.55, 4.740000000000001, 
-4.55, 4.69, 
-4.55, -0.10999999999999943, 
-4.55, -0.15999999999999925, 
-4.55, -0.20999999999999952, 
-4.5, 5.19, 
-4.5, 4.94, 
-4.5, 4.8900000000000015, 
-4.5, 4.840000000000001, 
-4.5, 4.79, 
-4.5, -0.10999999999999943, 
-4.5, -0.15999999999999925, 
-4.449999999999999, 5.19, 
-4.449999999999999, 5.1400000000000015, 
-4.449999999999999, -0.10999999999999943, 
-4.449999999999999, -0.15999999999999925, 
-4.449999999999999, -0.20999999999999952, 
-4.4, 5.19, 
-4.4, 5.1400000000000015, 
-4.4, -0.10999999999999943, 
-4.4, -0.15999999999999925, 
-4.4, -0.20999999999999952, 
-4.35, 5.19, 
-4.35, 5.1400000000000015, 
-4.35, -0.10999999999999943, 
-4.35, -0.15999999999999925, 
-4.35, -0.20999999999999952, 
-4.3, 5.19, 
-4.3, 5.1400000000000015, 
-4.3, -0.10999999999999943, 
-4.3, -0.15999999999999925, 
-4.25, 5.19, 
-4.25, -0.10999999999999943, 
-4.25, -0.15999999999999925, 
-4.199999999999999, 5.19, 
-4.199999999999999, -0.10999999999999943, 
-4.199999999999999, -0.15999999999999925, 
-4.199999999999999, -0.20999999999999952, 
-4.15, 5.19, 
-4.15, 5.1400000000000015, 
-4.15, -0.10999999999999943, 
-4.15, -0.15999999999999925, 
-4.15, -0.20999999999999952, 
-4.1, 5.19, 
-4.1, 5.1400000000000015, 
-4.1, -0.10999999999999943, 
-4.1, -0.15999999999999925, 
-4.1, -0.20999999999999952, 
-4.05, 5.19, 
-4.05, -0.10999999999999943, 
-4.05, -0.15999999999999925, 
-4.05, -0.20999999999999952, 
-4.0, 5.19, 
-4.0, 5.1400000000000015, 
-4.0, -0.10999999999999943, 
-4.0, -0.15999999999999925, 
-4.0, -0.20999999999999952, 
-3.9499999999999997, 5.19, 
-3.9499999999999997, 5.1400000000000015, 
-3.9499999999999997, -0.10999999999999943, 
-3.9499999999999997, -0.15999999999999925, 
-3.9499999999999997, -0.20999999999999952, 
-3.9, 5.19, 
-3.9, -0.10999999999999943, 
-3.9, -0.15999999999999925, 
-3.9, -0.20999999999999952, 
-3.8499999999999996, 5.19, 
-3.8499999999999996, 5.1400000000000015, 
-3.8499999999999996, -0.10999999999999943, 
-3.8499999999999996, -0.15999999999999925, 
-3.8499999999999996, -0.20999999999999952, 
-3.8, 5.19, 
-3.8, -0.10999999999999943, 
-3.8, -0.15999999999999925, 
-3.8, -0.20999999999999952, 
-3.75, 5.19, 
-3.75, -0.10999999999999943, 
-3.75, -0.15999999999999925, 
-3.75, -0.20999999999999952, 
-3.6999999999999997, 5.19, 
-3.6999999999999997, -0.10999999999999943, 
-3.6999999999999997, -0.15999999999999925, 
-3.6999999999999997, -0.20999999999999952, 
-3.65, 5.19, 
-3.65, -0.10999999999999943, 
-3.65, -0.15999999999999925, 
-3.65, -0.20999999999999952, 
-3.5999999999999996, 5.19, 
-3.5999999999999996, -0.10999999999999943, 
-3.5999999999999996, -0.15999999999999925, 
-3.5999999999999996, -0.20999999999999952, 
-3.55, 5.19, 
-3.55, -0.10999999999999943, 
-3.55, -0.15999999999999925, 
-3.55, -0.20999999999999952, 
-3.5, 5.19, 
-3.5, -0.10999999999999943, 
-3.5, -0.15999999999999925, 
-3.5, -0.20999999999999952, 
-3.45, 5.19, 
-3.45, -0.10999999999999943, 
-3.45, -0.15999999999999925, 
-3.45, -0.20999999999999952, 
-3.3999999999999995, 5.19, 
-3.3999999999999995, 2.790000000000001, 
-3.3999999999999995, 2.040000000000001, 
-3.3999999999999995, -0.10999999999999943, 
-3.3999999999999995, -0.20999999999999952, 
-3.3499999999999996, 5.19, 
-3.3499999999999996, 2.8400000000000007, 
-3.3499999999999996, 2.790000000000001, 
-3.3499999999999996, 2.740000000000001, 
-3.3499999999999996, 2.040000000000001, 
-3.3499999999999996, 1.990000000000001, 
-3.3499999999999996, -0.10999999999999943, 
-3.3499999999999996, -0.15999999999999925, 
-3.3499999999999996, -0.20999999999999952, 
-3.3, 5.19, 
-3.3, 2.040000000000001, 
-3.3, -0.10999999999999943, 
-3.3, -0.20999999999999952, 
-3.25, 5.19, 
-3.25, -0.10999999999999943, 
-3.25, -0.20999999999999952, 
-3.2, 5.19, 
-3.2, -0.10999999999999943, 
-3.2, -0.20999999999999952, 
-3.1499999999999995, 5.19, 
-3.1499999999999995, -0.10999999999999943, 
-3.1499999999999995, -0.20999999999999952, 
-3.0999999999999996, 5.19, 
-3.0999999999999996, -0.10999999999999943, 
-3.0999999999999996, -0.20999999999999952, 
-3.05, 5.19, 
-3.05, -0.10999999999999943, 
-3.05, -0.20999999999999952, 
-3.0, 5.19, 
-3.0, -0.10999999999999943, 
-3.0, -0.20999999999999952, 
-2.95, 5.19, 
-2.95, -0.10999999999999943, 
-2.95, -0.20999999999999952, 
-2.8999999999999995, 5.19, 
-2.8999999999999995, -0.10999999999999943, 
-2.8999999999999995, -0.20999999999999952, 
-2.8499999999999996, 5.19, 
-2.8499999999999996, -0.10999999999999943, 
-2.8499999999999996, -0.20999999999999952, 
-2.8, 5.19, 
-2.8, -0.10999999999999943, 
-2.8, -0.20999999999999952, 
-2.75, 5.19, 
-2.75, -0.10999999999999943, 
-2.75, -0.20999999999999952, 
-2.6999999999999993, 5.19, 
-2.6999999999999993, -0.10999999999999943, 
-2.6999999999999993, -0.20999999999999952, 
-2.6499999999999995, 5.19, 
-2.6499999999999995, -0.10999999999999943, 
-2.6499999999999995, -0.20999999999999952, 
-2.5999999999999996, 5.19, 
-2.5999999999999996, -0.10999999999999943, 
-2.5999999999999996, -0.20999999999999952, 
-2.55, 5.19, 
-2.55, -0.10999999999999943, 
-2.55, -0.20999999999999952, 
-2.5, 5.19, 
-2.5, -0.10999999999999943, 
-2.5, -0.20999999999999952, 
-2.4499999999999993, 5.19, 
-2.4499999999999993, -0.10999999999999943, 
-2.4499999999999993, -0.20999999999999952, 
-2.3999999999999995, 5.19, 
-2.3999999999999995, -0.10999999999999943, 
-2.3999999999999995, -0.20999999999999952, 
-2.3499999999999996, 5.19, 
-2.3499999999999996, -0.10999999999999943, 
-2.3499999999999996, -0.20999999999999952, 
-2.3, 5.19, 
-2.3, -0.10999999999999943, 
-2.3, -0.20999999999999952, 
-2.25, 5.240000000000001, 
-2.25, 5.19, 
-2.25, -0.10999999999999943, 
-2.25, -0.20999999999999952, 
-2.1999999999999993, 5.19, 
-2.1999999999999993, -0.10999999999999943, 
-2.1999999999999993, -0.20999999999999952, 
-2.1499999999999995, 5.19, 
-2.1499999999999995, -0.10999999999999943, 
-2.1499999999999995, -0.20999999999999952, 
-2.0999999999999996, 5.19, 
-2.0999999999999996, -0.10999999999999943, 
-2.0999999999999996, -0.15999999999999925, 
-2.0999999999999996, -0.20999999999999952, 
-2.05, 5.19, 
-2.05, -0.10999999999999943, 
-2.05, -0.20999999999999952, 
-2.0, 5.19, 
-2.0, 2.8400000000000007, 
-2.0, 2.790000000000001, 
-2.0, 2.740000000000001, 
-2.0, 2.0900000000000007, 
-2.0, 2.040000000000001, 
-2.0, 1.990000000000001, 
-2.0, -0.10999999999999943, 
-2.0, -0.20999999999999952, 
-1.9499999999999993, 5.240000000000001, 
-1.9499999999999993, 5.19, 
-1.9499999999999993, 2.790000000000001, 
-1.9499999999999993, 2.0900000000000007, 
-1.9499999999999993, 2.040000000000001, 
-1.9499999999999993, 1.990000000000001, 
-1.9499999999999993, -0.10999999999999943, 
-1.9499999999999993, -0.20999999999999952, 
-1.8999999999999995, 5.19, 
-1.8999999999999995, -0.10999999999999943, 
-1.8999999999999995, -0.20999999999999952, 
-1.8499999999999996, 5.19, 
-1.8499999999999996, -0.10999999999999943, 
-1.8499999999999996, -0.20999999999999952, 
-1.7999999999999998, 5.240000000000001, 
-1.7999999999999998, 5.19, 
-1.7999999999999998, -0.10999999999999943, 
-1.7999999999999998, -0.20999999999999952, 
-1.75, 5.19, 
-1.75, -0.10999999999999943, 
-1.75, -0.20999999999999952, 
-1.6999999999999993, 5.19, 
-1.6999999999999993, -0.10999999999999943, 
-1.6999999999999993, -0.20999999999999952, 
-1.6499999999999995, 5.19, 
-1.6499999999999995, -0.10999999999999943, 
-1.6499999999999995, -0.20999999999999952, 
-1.5999999999999996, 5.19, 
-1.5999999999999996, -0.10999999999999943, 
-1.5999999999999996, -0.20999999999999952, 
-1.5499999999999998, 5.19, 
-1.5499999999999998, -0.10999999999999943, 
-1.5499999999999998, -0.20999999999999952, 
-1.5, 5.19, 
-1.5, -0.10999999999999943, 
-1.5, -0.20999999999999952, 
-1.4499999999999993, 5.19, 
-1.4499999999999993, -0.10999999999999943, 
-1.4499999999999993, -0.20999999999999952, 
-1.3999999999999995, 5.19, 
-1.3999999999999995, -0.10999999999999943, 
-1.3999999999999995, -0.20999999999999952, 
-1.3499999999999996, 5.19, 
-1.3499999999999996, -0.10999999999999943, 
-1.3499999999999996, -0.20999999999999952, 
-1.2999999999999998, 5.19, 
-1.2999999999999998, -0.10999999999999943, 
-1.2999999999999998, -0.20999999999999952, 
-1.25, 5.19, 
-1.25, -0.10999999999999943, 
-1.25, -0.20999999999999952, 
-1.1999999999999993, 5.19, 
-1.1999999999999993, -0.10999999999999943, 
-1.1999999999999993, -0.20999999999999952, 
-1.1499999999999995, 5.19, 
-1.1499999999999995, -0.05999999999999961, 
-1.1499999999999995, -0.10999999999999943, 
-1.1499999999999995, -0.20999999999999952, 
-1.0999999999999996, 5.19, 
-1.0999999999999996, -0.10999999999999943, 
-1.0999999999999996, -0.20999999999999952, 
-1.0499999999999998, 5.240000000000001, 
-1.0499999999999998, 5.19, 
-1.0499999999999998, -0.10999999999999943, 
-1.0499999999999998, -0.20999999999999952, 
-1.0, 5.240000000000001, 
-1.0, 5.19, 
-1.0, -0.10999999999999943, 
-1.0, -0.20999999999999952, 
-0.9499999999999993, 5.19, 
-0.9499999999999993, -0.05999999999999961, 
-0.9499999999999993, -0.10999999999999943, 
-0.9499999999999993, -0.20999999999999952, 
-0.8999999999999995, 5.240000000000001, 
-0.8999999999999995, 5.19, 
-0.8999999999999995, -0.05999999999999961, 
-0.8999999999999995, -0.10999999999999943, 
-0.8999999999999995, -0.20999999999999952, 
-0.8499999999999996, 5.19, 
-0.8499999999999996, -0.05999999999999961, 
-0.8499999999999996, -0.10999999999999943, 
-0.8499999999999996, -0.20999999999999952, 
-0.7999999999999998, 5.19, 
-0.7999999999999998, -0.05999999999999961, 
-0.7999999999999998, -0.10999999999999943, 
-0.7999999999999998, -0.20999999999999952, 
-0.75, 5.240000000000001, 
-0.75, 5.19, 
-0.75, -0.05999999999999961, 
-0.75, -0.10999999999999943, 
-0.75, -0.20999999999999952, 
-0.6999999999999993, 5.240000000000001, 
-0.6999999999999993, 5.19, 
-0.6999999999999993, -0.05999999999999961, 
-0.6999999999999993, -0.10999999999999943, 
-0.6999999999999993, -0.20999999999999952, 
-0.6499999999999995, 5.240000000000001, 
-0.6499999999999995, 5.19, 
-0.6499999999999995, -0.05999999999999961, 
-0.6499999999999995, -0.10999999999999943, 
-0.6499999999999995, -0.20999999999999952, 
-0.5999999999999996, 5.19, 
-0.5999999999999996, -0.05999999999999961, 
-0.5999999999999996, -0.10999999999999943, 
-0.5999999999999996, -0.20999999999999952, 
-0.5499999999999998, 5.240000000000001, 
-0.5499999999999998, 5.19, 
-0.5499999999999998, -0.05999999999999961, 
-0.5499999999999998, -0.10999999999999943, 
-0.5499999999999998, -0.20999999999999952, 
-0.5, 5.240000000000001, 
-0.5, 5.19, 
-0.5, -0.05999999999999961, 
-0.5, -0.10999999999999943, 
-0.5, -0.20999999999999952, 
-0.4499999999999993, 5.240000000000001, 
-0.4499999999999993, 5.19, 
-0.4499999999999993, -0.05999999999999961, 
-0.4499999999999993, -0.10999999999999943, 
-0.4499999999999993, -0.20999999999999952, 
-0.39999999999999947, 5.240000000000001, 
-0.39999999999999947, 5.19, 
-0.39999999999999947, -0.05999999999999961, 
-0.39999999999999947, -0.10999999999999943, 
-0.39999999999999947, -0.20999999999999952, 
-0.34999999999999964, 5.240000000000001, 
-0.34999999999999964, 5.19, 
-0.34999999999999964, -0.05999999999999961, 
-0.34999999999999964, -0.10999999999999943, 
-0.34999999999999964, -0.15999999999999925, 
-0.34999999999999964, -0.20999999999999952, 
-0.2999999999999998, 5.240000000000001, 
-0.2999999999999998, 5.19, 
-0.2999999999999998, -0.05999999999999961, 
-0.2999999999999998, -0.10999999999999943, 
-0.2999999999999998, -0.20999999999999952, 
-0.25, 5.240000000000001, 
-0.25, 5.19, 
-0.25, -0.05999999999999961, 
-0.25, -0.10999999999999943, 
-0.25, -0.20999999999999952, 
-0.1999999999999993, 5.240000000000001, 
-0.1999999999999993, 5.19, 
-0.1999999999999993, 5.1400000000000015, 
-0.1999999999999993, 5.090000000000001, 
-0.1999999999999993, 5.04, 
-0.1999999999999993, -0.05999999999999961, 
-0.1999999999999993, -0.10999999999999943, 
-0.1999999999999993, -0.20999999999999952, 
-0.14999999999999947, 5.19, 
-0.14999999999999947, 5.1400000000000015, 
-0.14999999999999947, 5.090000000000001, 
-0.14999999999999947, 5.04, 
-0.14999999999999947, 4.990000000000001, 
-0.14999999999999947, 4.94, 
-0.14999999999999947, 4.8900000000000015, 
-0.14999999999999947, 4.840000000000001, 
-0.14999999999999947, 4.79, 
-0.14999999999999947, 4.740000000000001, 
-0.14999999999999947, 4.69, 
-0.14999999999999947, 4.6400000000000015, 
-0.14999999999999947, 4.590000000000001, 
-0.14999999999999947, 4.54, 
-0.14999999999999947, 4.490000000000001, 
-0.14999999999999947, 4.44, 
-0.14999999999999947, 4.3900000000000015, 
-0.14999999999999947, 4.340000000000001, 
-0.14999999999999947, 4.29, 
-0.14999999999999947, 4.240000000000001, 
-0.14999999999999947, 4.19, 
-0.14999999999999947, 4.1400000000000015, 
-0.14999999999999947, 4.090000000000001, 
-0.14999999999999947, 4.04, 
-0.14999999999999947, 3.990000000000001, 
-0.14999999999999947, 3.9400000000000004, 
-0.14999999999999947, 3.8900000000000006, 
-0.14999999999999947, 3.8400000000000007, 
-0.14999999999999947, 3.790000000000001, 
-0.14999999999999947, 3.740000000000001, 
-0.14999999999999947, 3.6900000000000004, 
-0.14999999999999947, 3.6400000000000006, 
-0.14999999999999947, 3.5900000000000007, 
-0.14999999999999947, 3.540000000000001, 
-0.14999999999999947, 3.490000000000001, 
-0.14999999999999947, 3.4400000000000004, 
-0.14999999999999947, 3.3900000000000006, 
-0.14999999999999947, 3.3400000000000007, 
-0.14999999999999947, 3.290000000000001, 
-0.14999999999999947, 3.240000000000001, 
-0.14999999999999947, 3.1900000000000004, 
-0.14999999999999947, 3.1400000000000006, 
-0.14999999999999947, 3.0900000000000007, 
-0.14999999999999947, 3.040000000000001, 
-0.14999999999999947, 2.990000000000001, 
-0.14999999999999947, 2.9400000000000004, 
-0.14999999999999947, 2.8900000000000006, 
-0.14999999999999947, 2.8400000000000007, 
-0.14999999999999947, 2.790000000000001, 
-0.14999999999999947, 2.740000000000001, 
-0.14999999999999947, 2.6900000000000004, 
-0.14999999999999947, 2.6400000000000006, 
-0.14999999999999947, 2.5900000000000007, 
-0.14999999999999947, 2.540000000000001, 
-0.14999999999999947, 2.490000000000001, 
-0.14999999999999947, 2.4400000000000004, 
-0.14999999999999947, 2.3900000000000006, 
-0.14999999999999947, 2.3400000000000007, 
-0.14999999999999947, 2.290000000000001, 
-0.14999999999999947, 2.240000000000001, 
-0.14999999999999947, 2.1900000000000004, 
-0.14999999999999947, 2.1400000000000006, 
-0.14999999999999947, 2.0900000000000007, 
-0.14999999999999947, 2.040000000000001, 
-0.14999999999999947, 1.990000000000001, 
-0.14999999999999947, 1.9400000000000004, 
-0.14999999999999947, 1.8900000000000006, 
-0.14999999999999947, 1.8400000000000007, 
-0.14999999999999947, 1.790000000000001, 
-0.14999999999999947, 1.740000000000001, 
-0.14999999999999947, 1.6900000000000004, 
-0.14999999999999947, 1.6400000000000006, 
-0.14999999999999947, 1.5900000000000007, 
-0.14999999999999947, 1.540000000000001, 
-0.14999999999999947, 1.490000000000001, 
-0.14999999999999947, 1.4400000000000004, 
-0.14999999999999947, 1.3900000000000006, 
-0.14999999999999947, 1.3400000000000007, 
-0.14999999999999947, 1.290000000000001, 
-0.14999999999999947, 1.240000000000001, 
-0.14999999999999947, 1.1900000000000004, 
-0.14999999999999947, 1.1400000000000006, 
-0.14999999999999947, 1.0900000000000007, 
-0.14999999999999947, 1.040000000000001, 
-0.14999999999999947, 0.9900000000000011, 
-0.14999999999999947, 0.9400000000000004, 
-0.14999999999999947, 0.8900000000000006, 
-0.14999999999999947, -0.05999999999999961, 
-0.14999999999999947, -0.10999999999999943, 
-0.14999999999999947, -0.20999999999999952, 
-0.09999999999999964, 5.240000000000001, 
-0.09999999999999964, 5.19, 
-0.09999999999999964, 5.04, 
-0.09999999999999964, 4.990000000000001, 
-0.09999999999999964, 4.8900000000000015, 
-0.09999999999999964, 4.840000000000001, 
-0.09999999999999964, 4.79, 
-0.09999999999999964, 4.740000000000001, 
-0.09999999999999964, 4.69, 
-0.09999999999999964, 4.6400000000000015, 
-0.09999999999999964, 4.590000000000001, 
-0.09999999999999964, 4.54, 
-0.09999999999999964, 4.490000000000001, 
-0.09999999999999964, 4.44, 
-0.09999999999999964, 4.3900000000000015, 
-0.09999999999999964, 4.340000000000001, 
-0.09999999999999964, 4.29, 
-0.09999999999999964, 4.240000000000001, 
-0.09999999999999964, 4.19, 
-0.09999999999999964, 4.1400000000000015, 
-0.09999999999999964, 4.090000000000001, 
-0.09999999999999964, 4.04, 
-0.09999999999999964, 3.990000000000001, 
-0.09999999999999964, 3.8900000000000006, 
-0.09999999999999964, 3.8400000000000007, 
-0.09999999999999964, 3.790000000000001, 
-0.09999999999999964, 3.740000000000001, 
-0.09999999999999964, 3.6900000000000004, 
-0.09999999999999964, 3.6400000000000006, 
-0.09999999999999964, 3.5900000000000007, 
-0.09999999999999964, 3.540000000000001, 
-0.09999999999999964, 3.490000000000001, 
-0.09999999999999964, 3.3900000000000006, 
-0.09999999999999964, 3.3400000000000007, 
-0.09999999999999964, 3.290000000000001, 
-0.09999999999999964, 3.240000000000001, 
-0.09999999999999964, 3.1900000000000004, 
-0.09999999999999964, 3.1400000000000006, 
-0.09999999999999964, 3.0900000000000007, 
-0.09999999999999964, 3.040000000000001, 
-0.09999999999999964, 2.990000000000001, 
-0.09999999999999964, 2.9400000000000004, 
-0.09999999999999964, 2.8900000000000006, 
-0.09999999999999964, 2.8400000000000007, 
-0.09999999999999964, 2.790000000000001, 
-0.09999999999999964, 2.740000000000001, 
-0.09999999999999964, 2.6900000000000004, 
-0.09999999999999964, 2.6400000000000006, 
-0.09999999999999964, 2.5900000000000007, 
-0.09999999999999964, 2.540000000000001, 
-0.09999999999999964, 2.490000000000001, 
-0.09999999999999964, 2.4400000000000004, 
-0.09999999999999964, 2.3900000000000006, 
-0.09999999999999964, 2.3400000000000007, 
-0.09999999999999964, 2.290000000000001, 
-0.09999999999999964, 2.240000000000001, 
-0.09999999999999964, 2.1900000000000004, 
-0.09999999999999964, 2.1400000000000006, 
-0.09999999999999964, 2.0900000000000007, 
-0.09999999999999964, 2.040000000000001, 
-0.09999999999999964, 1.990000000000001, 
-0.09999999999999964, 1.9400000000000004, 
-0.09999999999999964, 1.8900000000000006, 
-0.09999999999999964, 1.8400000000000007, 
-0.09999999999999964, 1.790000000000001, 
-0.09999999999999964, 1.740000000000001, 
-0.09999999999999964, 1.6900000000000004, 
-0.09999999999999964, 1.6400000000000006, 
-0.09999999999999964, 1.5900000000000007, 
-0.09999999999999964, 1.540000000000001, 
-0.09999999999999964, 1.490000000000001, 
-0.09999999999999964, 1.4400000000000004, 
-0.09999999999999964, 1.3900000000000006, 
-0.09999999999999964, 1.3400000000000007, 
-0.09999999999999964, 1.290000000000001, 
-0.09999999999999964, 1.240000000000001, 
-0.09999999999999964, 1.1900000000000004, 
-0.09999999999999964, 1.1400000000000006, 
-0.09999999999999964, 1.0900000000000007, 
-0.09999999999999964, 1.040000000000001, 
-0.09999999999999964, 0.9900000000000011, 
-0.09999999999999964, 0.9400000000000004, 
-0.09999999999999964, 0.8900000000000006, 
-0.09999999999999964, 0.8400000000000007, 
-0.09999999999999964, -0.05999999999999961, 
-0.09999999999999964, -0.10999999999999943, 
-0.09999999999999964, -0.20999999999999952, 
-0.04999999999999982, 5.29, 
-0.04999999999999982, 5.240000000000001, 
-0.04999999999999982, 5.19, 
-0.04999999999999982, 5.1400000000000015, 
-0.04999999999999982, 5.090000000000001, 
-0.04999999999999982, 5.04, 
-0.04999999999999982, 4.990000000000001, 
-0.04999999999999982, 4.94, 
-0.04999999999999982, 4.8900000000000015, 
-0.04999999999999982, 4.840000000000001, 
-0.04999999999999982, 4.79, 
-0.04999999999999982, 4.740000000000001, 
-0.04999999999999982, 4.69, 
-0.04999999999999982, 4.6400000000000015, 
-0.04999999999999982, 4.590000000000001, 
-0.04999999999999982, 4.54, 
-0.04999999999999982, 4.490000000000001, 
-0.04999999999999982, 4.44, 
-0.04999999999999982, 4.3900000000000015, 
-0.04999999999999982, 4.340000000000001, 
-0.04999999999999982, 4.29, 
-0.04999999999999982, 4.240000000000001, 
-0.04999999999999982, 4.19, 
-0.04999999999999982, 4.1400000000000015, 
-0.04999999999999982, 4.090000000000001, 
-0.04999999999999982, 4.04, 
-0.04999999999999982, 3.990000000000001, 
-0.04999999999999982, 3.9400000000000004, 
-0.04999999999999982, 3.8900000000000006, 
-0.04999999999999982, 3.8400000000000007, 
-0.04999999999999982, 3.790000000000001, 
-0.04999999999999982, 3.740000000000001, 
-0.04999999999999982, 3.6900000000000004, 
-0.04999999999999982, 3.6400000000000006, 
-0.04999999999999982, 3.5900000000000007, 
-0.04999999999999982, 3.540000000000001, 
-0.04999999999999982, 3.490000000000001, 
-0.04999999999999982, 3.4400000000000004, 
-0.04999999999999982, 3.3900000000000006, 
-0.04999999999999982, 3.3400000000000007, 
-0.04999999999999982, 3.290000000000001, 
-0.04999999999999982, 3.240000000000001, 
-0.04999999999999982, 3.1900000000000004, 
-0.04999999999999982, 3.1400000000000006, 
-0.04999999999999982, 3.0900000000000007, 
-0.04999999999999982, 3.040000000000001, 
-0.04999999999999982, 2.990000000000001, 
-0.04999999999999982, 2.9400000000000004, 
-0.04999999999999982, 2.8900000000000006, 
-0.04999999999999982, 2.8400000000000007, 
-0.04999999999999982, 2.790000000000001, 
-0.04999999999999982, 2.740000000000001, 
-0.04999999999999982, 2.6900000000000004, 
-0.04999999999999982, 2.6400000000000006, 
-0.04999999999999982, 2.5900000000000007, 
-0.04999999999999982, 2.540000000000001, 
-0.04999999999999982, 2.490000000000001, 
-0.04999999999999982, 2.4400000000000004, 
-0.04999999999999982, 2.3900000000000006, 
-0.04999999999999982, 2.3400000000000007, 
-0.04999999999999982, 2.290000000000001, 
-0.04999999999999982, 2.240000000000001, 
-0.04999999999999982, 2.1900000000000004, 
-0.04999999999999982, 2.1400000000000006, 
-0.04999999999999982, 2.0900000000000007, 
-0.04999999999999982, 2.040000000000001, 
-0.04999999999999982, 1.990000000000001, 
-0.04999999999999982, 1.9400000000000004, 
-0.04999999999999982, 1.8900000000000006, 
-0.04999999999999982, 1.8400000000000007, 
-0.04999999999999982, 1.790000000000001, 
-0.04999999999999982, 1.740000000000001, 
-0.04999999999999982, 1.6900000000000004, 
-0.04999999999999982, 1.6400000000000006, 
-0.04999999999999982, 1.5900000000000007, 
-0.04999999999999982, 1.540000000000001, 
-0.04999999999999982, 1.490000000000001, 
-0.04999999999999982, 1.4400000000000004, 
-0.04999999999999982, 1.290000000000001, 
-0.04999999999999982, 1.240000000000001, 
-0.04999999999999982, 1.1900000000000004, 
-0.04999999999999982, 1.0900000000000007, 
-0.04999999999999982, 0.8900000000000006, 
-0.04999999999999982, -0.05999999999999961, 
-0.04999999999999982, -0.10999999999999943, 
-0.04999999999999982, -0.20999999999999952, 
0.0, 5.29, 
0.0, 1.1400000000000006, 
0.0, 1.0900000000000007, 
0.0, 0.8900000000000006, 
0.0, -0.05999999999999961, 
0.0, -0.10999999999999943, 
0.0, -0.20999999999999952, 
0.05000000000000071, 5.29, 
0.05000000000000071, 1.1400000000000006, 
0.05000000000000071, 1.0900000000000007, 
0.05000000000000071, 0.8900000000000006, 
0.05000000000000071, -0.05999999999999961, 
0.05000000000000071, -0.10999999999999943, 
0.05000000000000071, -0.20999999999999952, 
0.10000000000000053, 5.29, 
0.10000000000000053, 1.0900000000000007, 
0.10000000000000053, 0.8900000000000006, 
0.10000000000000053, -0.05999999999999961, 
0.10000000000000053, -0.10999999999999943, 
0.10000000000000053, -0.20999999999999952, 
0.15000000000000036, 5.29, 
0.15000000000000036, 1.1400000000000006, 
0.15000000000000036, 1.0900000000000007, 
0.15000000000000036, 0.8900000000000006, 
0.15000000000000036, -0.05999999999999961, 
0.15000000000000036, -0.10999999999999943, 
0.15000000000000036, -0.20999999999999952, 
0.20000000000000018, 5.29, 
0.20000000000000018, 1.0900000000000007, 
0.20000000000000018, 0.8900000000000006, 
0.20000000000000018, -0.05999999999999961, 
0.20000000000000018, -0.10999999999999943, 
0.20000000000000018, -0.20999999999999952, 
0.25, 5.29, 
0.25, 1.0900000000000007, 
0.25, 0.8900000000000006, 
0.25, -0.05999999999999961, 
0.25, -0.10999999999999943, 
0.25, -0.20999999999999952, 
0.3000000000000007, 5.29, 
0.3000000000000007, 1.1400000000000006, 
0.3000000000000007, 1.0900000000000007, 
0.3000000000000007, 0.8900000000000006, 
0.3000000000000007, -0.05999999999999961, 
0.3000000000000007, -0.10999999999999943, 
0.3000000000000007, -0.20999999999999952, 
0.35000000000000053, 5.29, 
0.35000000000000053, 1.0900000000000007, 
0.35000000000000053, 0.8900000000000006, 
0.35000000000000053, -0.05999999999999961, 
0.35000000000000053, -0.10999999999999943, 
0.35000000000000053, -0.20999999999999952, 
0.40000000000000036, 5.29, 
0.40000000000000036, 1.0900000000000007, 
0.40000000000000036, 0.8900000000000006, 
0.40000000000000036, -0.05999999999999961, 
0.40000000000000036, -0.10999999999999943, 
0.40000000000000036, -0.20999999999999952, 
0.4500000000000002, 5.29, 
0.4500000000000002, 1.1400000000000006, 
0.4500000000000002, 1.0900000000000007, 
0.4500000000000002, 0.8900000000000006, 
0.4500000000000002, -0.05999999999999961, 
0.4500000000000002, -0.10999999999999943, 
0.4500000000000002, -0.20999999999999952, 
0.5, 5.29, 
0.5, 1.0900000000000007, 
0.5, 0.8900000000000006, 
0.5, -0.05999999999999961, 
0.5, -0.10999999999999943, 
0.5, -0.20999999999999952, 
0.5500000000000007, 5.29, 
0.5500000000000007, 1.0900000000000007, 
0.5500000000000007, 0.8900000000000006, 
0.5500000000000007, -0.05999999999999961, 
0.5500000000000007, -0.10999999999999943, 
0.5500000000000007, -0.20999999999999952, 
0.5999999999999996, 5.29, 
0.5999999999999996, 1.0900000000000007, 
0.5999999999999996, 0.8900000000000006, 
0.5999999999999996, -0.05999999999999961, 
0.5999999999999996, -0.20999999999999952, 
0.6500000000000004, 5.29, 
0.6500000000000004, 1.1400000000000006, 
0.6500000000000004, 1.0900000000000007, 
0.6500000000000004, 0.8900000000000006, 
0.6500000000000004, -0.05999999999999961, 
0.6500000000000004, -0.10999999999999943, 
0.6500000000000004, -0.15999999999999925, 
0.6500000000000004, -0.20999999999999952, 
0.7000000000000011, 5.29, 
0.7000000000000011, 1.0900000000000007, 
0.7000000000000011, 0.8900000000000006, 
0.7000000000000011, -0.15999999999999925, 
0.75, 5.29, 
0.75, 1.0900000000000007, 
0.75, 0.8900000000000006, 
0.8000000000000007, 5.29, 
0.8000000000000007, 1.1400000000000006, 
0.8000000000000007, 1.0900000000000007, 
0.8000000000000007, 0.8900000000000006, 
0.8000000000000007, -0.5599999999999996, 
0.8499999999999996, 5.29, 
0.8499999999999996, 1.0900000000000007, 
0.8499999999999996, 0.8900000000000006, 
0.8499999999999996, -0.5099999999999993, 
0.8499999999999996, -0.5599999999999996, 
0.9000000000000004, 5.29, 
0.9000000000000004, 1.0900000000000007, 
0.9000000000000004, 0.8900000000000006, 
0.9000000000000004, -0.5099999999999993, 
0.9000000000000004, -0.5599999999999996, 
0.9500000000000011, 5.29, 
0.9500000000000011, 1.0900000000000007, 
0.9500000000000011, 0.8900000000000006, 
1.0, 5.29, 
1.0, 1.0900000000000007, 
1.0, 0.8900000000000006, 
1.0500000000000007, 5.29, 
1.0500000000000007, 1.0900000000000007, 
1.0500000000000007, 0.8900000000000006, 
1.0999999999999996, 5.29, 
1.0999999999999996, 1.0900000000000007, 
1.0999999999999996, 0.8900000000000006, 
1.1500000000000004, 5.29, 
1.1500000000000004, 1.0900000000000007, 
1.1500000000000004, 0.8900000000000006, 
1.200000000000001, 5.29, 
1.200000000000001, 1.0900000000000007, 
1.200000000000001, 0.8900000000000006, 
1.25, 5.29, 
1.25, 1.0900000000000007, 
1.25, 0.8900000000000006, 
1.3000000000000007, 5.29, 
1.3000000000000007, 1.0900000000000007, 
1.3000000000000007, 0.8900000000000006, 
1.3499999999999996, 5.29, 
1.3499999999999996, 1.0900000000000007, 
1.3499999999999996, 0.8900000000000006, 
1.4000000000000004, 5.29, 
1.4000000000000004, 1.0900000000000007, 
1.4000000000000004, 0.8900000000000006, 
1.450000000000001, 5.29, 
1.450000000000001, 1.1400000000000006, 
1.450000000000001, 1.0900000000000007, 
1.450000000000001, 0.8900000000000006, 
1.5, 5.29, 
1.5, 1.0900000000000007, 
1.5, 0.8900000000000006, 
1.5500000000000007, 5.29, 
1.5500000000000007, 2.1400000000000006, 
1.5500000000000007, 2.0900000000000007, 
1.5500000000000007, 2.040000000000001, 
1.5500000000000007, 1.990000000000001, 
1.5500000000000007, 1.9400000000000004, 
1.5500000000000007, 1.0900000000000007, 
1.5500000000000007, 0.8900000000000006, 
1.5500000000000007, -0.05999999999999961, 
1.5500000000000007, -0.10999999999999943, 
1.5500000000000007, -0.15999999999999925, 
1.5500000000000007, -0.20999999999999952, 
1.5999999999999996, 5.29, 
1.5999999999999996, 2.1900000000000004, 
1.5999999999999996, 2.1400000000000006, 
1.5999999999999996, 1.0900000000000007, 
1.5999999999999996, 0.8900000000000006, 
1.5999999999999996, -0.05999999999999961, 
1.5999999999999996, -0.10999999999999943, 
1.5999999999999996, -0.15999999999999925, 
1.5999999999999996, -0.20999999999999952, 
1.6500000000000004, 5.29, 
1.6500000000000004, 2.240000000000001, 
1.6500000000000004, 2.1900000000000004, 
1.6500000000000004, 1.0900000000000007, 
1.6500000000000004, 0.9400000000000004, 
1.6500000000000004, 0.8900000000000006, 
1.6500000000000004, -0.05999999999999961, 
1.6500000000000004, -0.20999999999999952, 
1.700000000000001, 5.29, 
1.700000000000001, 2.240000000000001, 
1.700000000000001, 1.0900000000000007, 
1.700000000000001, 0.8900000000000006, 
1.700000000000001, -0.05999999999999961, 
1.700000000000001, -0.20999999999999952, 
1.75, 5.29, 
1.75, 2.240000000000001, 
1.75, 1.0900000000000007, 
1.75, 0.8900000000000006, 
1.75, -0.05999999999999961, 
1.75, -0.20999999999999952, 
1.8000000000000007, 5.29, 
1.8000000000000007, 2.240000000000001, 
1.8000000000000007, 1.0900000000000007, 
1.8000000000000007, 0.8900000000000006, 
1.8000000000000007, -0.05999999999999961, 
1.8000000000000007, -0.20999999999999952, 
1.8499999999999996, 5.29, 
1.8499999999999996, 2.240000000000001, 
1.8499999999999996, 0.8900000000000006, 
1.8499999999999996, -0.05999999999999961, 
1.8499999999999996, -0.20999999999999952, 
1.9000000000000004, 5.29, 
1.9000000000000004, 2.240000000000001, 
1.9000000000000004, 2.1900000000000004, 
1.9000000000000004, 1.0900000000000007, 
1.9000000000000004, 0.9400000000000004, 
1.9000000000000004, 0.8900000000000006, 
1.9000000000000004, -0.05999999999999961, 
1.9000000000000004, -0.20999999999999952, 
1.950000000000001, 5.29, 
1.950000000000001, 2.1900000000000004, 
1.950000000000001, 1.0900000000000007, 
1.950000000000001, 0.9400000000000004, 
1.950000000000001, 0.8900000000000006, 
1.950000000000001, -0.05999999999999961, 
1.950000000000001, -0.20999999999999952, 
2.0, 5.29, 
2.0, 2.1400000000000006, 
2.0, 2.0900000000000007, 
2.0, 1.0900000000000007, 
2.0, 0.9400000000000004, 
2.0, 0.8900000000000006, 
2.0, -0.05999999999999961, 
2.0, -0.20999999999999952, 
2.0500000000000007, 5.29, 
2.0500000000000007, 1.0900000000000007, 
2.0500000000000007, 0.9400000000000004, 
2.0500000000000007, 0.8900000000000006, 
2.0500000000000007, -0.05999999999999961, 
2.0500000000000007, -0.20999999999999952, 
2.1000000000000014, 5.29, 
2.1000000000000014, 3.6900000000000004, 
2.1000000000000014, 3.6400000000000006, 
2.1000000000000014, 3.490000000000001, 
2.1000000000000014, 3.4400000000000004, 
2.1000000000000014, 3.3900000000000006, 
2.1000000000000014, 3.240000000000001, 
2.1000000000000014, 3.1900000000000004, 
2.1000000000000014, 3.0900000000000007, 
2.1000000000000014, 2.990000000000001, 
2.1000000000000014, 2.8900000000000006, 
2.1000000000000014, 2.8400000000000007, 
2.1000000000000014, 2.790000000000001, 
2.1000000000000014, 2.6400000000000006, 
2.1000000000000014, 2.540000000000001, 
2.1000000000000014, 2.4400000000000004, 
2.1000000000000014, 2.3900000000000006, 
2.1000000000000014, 2.290000000000001, 
2.1000000000000014, 2.240000000000001, 
2.1000000000000014, 2.1900000000000004, 
2.1000000000000014, 2.1400000000000006, 
2.1000000000000014, 2.0900000000000007, 
2.1000000000000014, 2.040000000000001, 
2.1000000000000014, 1.9400000000000004, 
2.1000000000000014, 1.0900000000000007, 
2.1000000000000014, 0.9400000000000004, 
2.1000000000000014, 0.8900000000000006, 
2.1000000000000014, -0.05999999999999961, 
2.1000000000000014, -0.20999999999999952, 
2.1500000000000004, 5.29, 
2.1500000000000004, 5.240000000000001, 
2.1500000000000004, 5.19, 
2.1500000000000004, 4.29, 
2.1500000000000004, 4.240000000000001, 
2.1500000000000004, 4.19, 
2.1500000000000004, 4.1400000000000015, 
2.1500000000000004, 4.090000000000001, 
2.1500000000000004, 4.04, 
2.1500000000000004, 3.990000000000001, 
2.1500000000000004, 3.9400000000000004, 
2.1500000000000004, 3.8900000000000006, 
2.1500000000000004, 3.8400000000000007, 
2.1500000000000004, 3.790000000000001, 
2.1500000000000004, 3.740000000000001, 
2.1500000000000004, 3.6900000000000004, 
2.1500000000000004, 3.6400000000000006, 
2.1500000000000004, 3.5900000000000007, 
2.1500000000000004, 3.540000000000001, 
2.1500000000000004, 3.490000000000001, 
2.1500000000000004, 3.4400000000000004, 
2.1500000000000004, 3.3900000000000006, 
2.1500000000000004, 3.3400000000000007, 
2.1500000000000004, 3.290000000000001, 
2.1500000000000004, 3.240000000000001, 
2.1500000000000004, 3.1900000000000004, 
2.1500000000000004, 3.1400000000000006, 
2.1500000000000004, 3.0900000000000007, 
2.1500000000000004, 3.040000000000001, 
2.1500000000000004, 2.990000000000001, 
2.1500000000000004, 2.9400000000000004, 
2.1500000000000004, 2.8900000000000006, 
2.1500000000000004, 2.8400000000000007, 
2.1500000000000004, 2.790000000000001, 
2.1500000000000004, 2.740000000000001, 
2.1500000000000004, 2.6900000000000004, 
2.1500000000000004, 2.6400000000000006, 
2.1500000000000004, 2.5900000000000007, 
2.1500000000000004, 2.540000000000001, 
2.1500000000000004, 2.490000000000001, 
2.1500000000000004, 2.4400000000000004, 
2.1500000000000004, 2.3900000000000006, 
2.1500000000000004, 2.3400000000000007, 
2.1500000000000004, 2.290000000000001, 
2.1500000000000004, 2.240000000000001, 
2.1500000000000004, 2.1900000000000004, 
2.1500000000000004, 2.1400000000000006, 
2.1500000000000004, 2.0900000000000007, 
2.1500000000000004, 1.990000000000001, 
2.1500000000000004, 1.9400000000000004, 
2.1500000000000004, 1.8900000000000006, 
2.1500000000000004, 1.8400000000000007, 
2.1500000000000004, 1.790000000000001, 
2.1500000000000004, 1.740000000000001, 
2.1500000000000004, 1.6900000000000004, 
2.1500000000000004, 1.6400000000000006, 
2.1500000000000004, 1.540000000000001, 
2.1500000000000004, 0.9400000000000004, 
2.1500000000000004, 0.8900000000000006, 
2.1500000000000004, -0.05999999999999961, 
2.1500000000000004, -0.20999999999999952, 
2.200000000000001, 5.19, 
2.200000000000001, 4.29, 
2.200000000000001, 0.9400000000000004, 
2.200000000000001, 0.8900000000000006, 
2.200000000000001, -0.009999999999999787, 
2.200000000000001, -0.05999999999999961, 
2.200000000000001, -0.20999999999999952, 
2.25, 5.19, 
2.25, 4.29, 
2.25, 4.240000000000001, 
2.25, 0.9400000000000004, 
2.25, 0.8900000000000006, 
2.25, -0.009999999999999787, 
2.25, -0.05999999999999961, 
2.25, -0.20999999999999952, 
2.3000000000000007, 5.29, 
2.3000000000000007, 5.240000000000001, 
2.3000000000000007, 5.19, 
2.3000000000000007, 4.29, 
2.3000000000000007, 4.240000000000001, 
2.3000000000000007, 4.19, 
2.3000000000000007, 4.1400000000000015, 
2.3000000000000007, 4.090000000000001, 
2.3000000000000007, 4.04, 
2.3000000000000007, 3.990000000000001, 
2.3000000000000007, 3.9400000000000004, 
2.3000000000000007, 3.8900000000000006, 
2.3000000000000007, 3.8400000000000007, 
2.3000000000000007, 3.790000000000001, 
2.3000000000000007, 3.740000000000001, 
2.3000000000000007, 3.6900000000000004, 
2.3000000000000007, 3.6400000000000006, 
2.3000000000000007, 3.5900000000000007, 
2.3000000000000007, 3.540000000000001, 
2.3000000000000007, 3.490000000000001, 
2.3000000000000007, 3.4400000000000004, 
2.3000000000000007, 3.3900000000000006, 
2.3000000000000007, 3.3400000000000007, 
2.3000000000000007, 3.290000000000001, 
2.3000000000000007, 3.240000000000001, 
2.3000000000000007, 3.1900000000000004, 
2.3000000000000007, 3.1400000000000006, 
2.3000000000000007, 3.0900000000000007, 
2.3000000000000007, 3.040000000000001, 
2.3000000000000007, 2.990000000000001, 
2.3000000000000007, 2.9400000000000004, 
2.3000000000000007, 2.8900000000000006, 
2.3000000000000007, 2.8400000000000007, 
2.3000000000000007, 2.790000000000001, 
2.3000000000000007, 2.740000000000001, 
2.3000000000000007, 2.6900000000000004, 
2.3000000000000007, 2.6400000000000006, 
2.3000000000000007, 2.5900000000000007, 
2.3000000000000007, 2.540000000000001, 
2.3000000000000007, 2.490000000000001, 
2.3000000000000007, 2.4400000000000004, 
2.3000000000000007, 2.3900000000000006, 
2.3000000000000007, 2.3400000000000007, 
2.3000000000000007, 2.290000000000001, 
2.3000000000000007, 2.240000000000001, 
2.3000000000000007, 2.1900000000000004, 
2.3000000000000007, 2.1400000000000006, 
2.3000000000000007, 2.0900000000000007, 
2.3000000000000007, 2.040000000000001, 
2.3000000000000007, 1.990000000000001, 
2.3000000000000007, 1.9400000000000004, 
2.3000000000000007, 1.8900000000000006, 
2.3000000000000007, 1.8400000000000007, 
2.3000000000000007, 1.790000000000001, 
2.3000000000000007, 1.6900000000000004, 
2.3000000000000007, 1.6400000000000006, 
2.3000000000000007, 1.5900000000000007, 
2.3000000000000007, 1.540000000000001, 
2.3000000000000007, 1.490000000000001, 
2.3000000000000007, 1.3900000000000006, 
2.3000000000000007, 1.3400000000000007, 
2.3000000000000007, 0.9400000000000004, 
2.3000000000000007, 0.8900000000000006, 
2.3000000000000007, -0.009999999999999787, 
2.3000000000000007, -0.20999999999999952, 
2.3500000000000014, 5.29, 
2.3500000000000014, 2.8900000000000006, 
2.3500000000000014, 2.240000000000001, 
2.3500000000000014, 2.1900000000000004, 
2.3500000000000014, 2.1400000000000006, 
2.3500000000000014, 2.0900000000000007, 
2.3500000000000014, 2.040000000000001, 
2.3500000000000014, 1.990000000000001, 
2.3500000000000014, 1.9400000000000004, 
2.3500000000000014, 1.8900000000000006, 
2.3500000000000014, 1.8400000000000007, 
2.3500000000000014, 1.790000000000001, 
2.3500000000000014, 1.740000000000001, 
2.3500000000000014, 1.6900000000000004, 
2.3500000000000014, 1.6400000000000006, 
2.3500000000000014, 1.5900000000000007, 
2.3500000000000014, 1.540000000000001, 
2.3500000000000014, 1.490000000000001, 
2.3500000000000014, 1.4400000000000004, 
2.3500000000000014, 1.3900000000000006, 
2.3500000000000014, 1.3400000000000007, 
2.3500000000000014, 1.290000000000001, 
2.3500000000000014, 1.240000000000001, 
2.3500000000000014, 1.1900000000000004, 
2.3500000000000014, 1.1400000000000006, 
2.3500000000000014, 1.0900000000000007, 
2.3500000000000014, 1.040000000000001, 
2.3500000000000014, 0.9900000000000011, 
2.3500000000000014, 0.9400000000000004, 
2.3500000000000014, 0.8900000000000006, 
2.3500000000000014, 0.040000000000000924, 
2.3500000000000014, -0.009999999999999787, 
2.3500000000000014, -0.05999999999999961, 
2.3500000000000014, -0.20999999999999952, 
2.4000000000000004, 5.29, 
2.4000000000000004, -0.009999999999999787, 
2.4000000000000004, -0.05999999999999961, 
2.4000000000000004, -0.20999999999999952, 
2.450000000000001, 5.29, 
2.450000000000001, -0.05999999999999961, 
2.450000000000001, -0.20999999999999952, 
2.5, 5.29, 
2.5, -0.009999999999999787, 
2.5, -0.05999999999999961, 
2.5, -0.20999999999999952, 
2.5500000000000007, 5.29, 
2.5500000000000007, -0.009999999999999787, 
2.5500000000000007, -0.05999999999999961, 
2.5500000000000007, -0.20999999999999952, 
2.6000000000000014, 5.29, 
2.6000000000000014, -0.009999999999999787, 
2.6000000000000014, -0.05999999999999961, 
2.6000000000000014, -0.20999999999999952, 
2.6500000000000004, 5.29, 
2.6500000000000004, -0.009999999999999787, 
2.6500000000000004, -0.05999999999999961, 
2.6500000000000004, -0.20999999999999952, 
2.700000000000001, 5.29, 
2.700000000000001, -0.009999999999999787, 
2.700000000000001, -0.05999999999999961, 
2.700000000000001, -0.20999999999999952, 
2.75, 5.29, 
2.75, -0.009999999999999787, 
2.75, -0.05999999999999961, 
2.75, -0.20999999999999952, 
2.8000000000000007, 5.29, 
2.8000000000000007, -0.009999999999999787, 
2.8000000000000007, -0.05999999999999961, 
2.8000000000000007, -0.20999999999999952, 
2.8500000000000014, 5.29, 
2.8500000000000014, -0.009999999999999787, 
2.8500000000000014, -0.05999999999999961, 
2.8500000000000014, -0.20999999999999952, 
2.9000000000000004, 5.29, 
2.9000000000000004, -0.009999999999999787, 
2.9000000000000004, -0.05999999999999961, 
2.9000000000000004, -0.20999999999999952, 
2.950000000000001, 5.29, 
2.950000000000001, -0.009999999999999787, 
2.950000000000001, -0.05999999999999961, 
2.950000000000001, -0.20999999999999952, 
3.0, 5.29, 
3.0, -0.009999999999999787, 
3.0, -0.05999999999999961, 
3.0, -0.20999999999999952, 
3.0500000000000007, 5.29, 
3.0500000000000007, -0.009999999999999787, 
3.0500000000000007, -0.05999999999999961, 
3.0500000000000007, -0.20999999999999952, 
3.1000000000000014, 5.29, 
3.1000000000000014, -0.009999999999999787, 
3.1000000000000014, -0.05999999999999961, 
3.1000000000000014, -0.20999999999999952, 
3.1500000000000004, 5.29, 
3.1500000000000004, -0.009999999999999787, 
3.1500000000000004, -0.20999999999999952, 
3.200000000000001, 5.29, 
3.200000000000001, -0.009999999999999787, 
3.200000000000001, -0.20999999999999952, 
3.25, 5.29, 
3.25, -0.009999999999999787, 
3.25, -0.05999999999999961, 
3.25, -0.20999999999999952, 
3.3000000000000007, 5.29, 
3.3000000000000007, -0.009999999999999787, 
3.3000000000000007, -0.05999999999999961, 
3.3000000000000007, -0.20999999999999952, 
3.3500000000000014, 5.29, 
3.3500000000000014, -0.009999999999999787, 
3.3500000000000014, -0.20999999999999952, 
3.4000000000000004, 5.29, 
3.4000000000000004, -0.009999999999999787, 
3.4000000000000004, -0.20999999999999952, 
3.450000000000001, 5.29, 
3.450000000000001, -0.009999999999999787, 
3.450000000000001, -0.20999999999999952, 
3.5, 5.29, 
3.5, -0.009999999999999787, 
3.5500000000000007, 5.29, 
3.5500000000000007, -0.009999999999999787, 
3.6000000000000014, 5.29, 
3.6000000000000014, -0.009999999999999787, 
3.6000000000000014, -0.20999999999999952, 
3.6500000000000004, 5.29, 
3.6500000000000004, -0.009999999999999787, 
3.700000000000001, 5.29, 
3.700000000000001, -0.009999999999999787, 
3.700000000000001, -0.20999999999999952, 
3.75, 5.29, 
3.75, -0.009999999999999787, 
3.75, -0.20999999999999952, 
3.8000000000000007, 5.29, 
3.8000000000000007, 3.6400000000000006, 
3.8000000000000007, 3.5900000000000007, 
3.8000000000000007, 3.540000000000001, 
3.8000000000000007, 3.490000000000001, 
3.8000000000000007, -0.009999999999999787, 
3.8500000000000014, 5.29, 
3.8500000000000014, 3.6400000000000006, 
3.8500000000000014, 3.5900000000000007, 
3.8500000000000014, 3.490000000000001, 
3.8500000000000014, 2.290000000000001, 
3.8500000000000014, 2.240000000000001, 
3.8500000000000014, 2.1900000000000004, 
3.8500000000000014, -0.009999999999999787, 
3.8500000000000014, -0.20999999999999952, 
3.9000000000000004, 5.29, 
3.9000000000000004, 3.6400000000000006, 
3.9000000000000004, 3.5900000000000007, 
3.9000000000000004, 3.490000000000001, 
3.9000000000000004, 2.290000000000001, 
3.9000000000000004, 2.1900000000000004, 
3.9000000000000004, -0.009999999999999787, 
3.9000000000000004, -0.20999999999999952, 
3.950000000000001, 5.29, 
3.950000000000001, 3.6400000000000006, 
3.950000000000001, 3.5900000000000007, 
3.950000000000001, 3.540000000000001, 
3.950000000000001, 3.490000000000001, 
3.950000000000001, 2.290000000000001, 
3.950000000000001, 2.240000000000001, 
3.950000000000001, 2.1900000000000004, 
3.950000000000001, -0.009999999999999787, 
4.0, 5.29, 
4.0, 3.540000000000001, 
4.0, 2.290000000000001, 
4.0, 2.240000000000001, 
4.0, 2.1900000000000004, 
4.0, -0.009999999999999787, 
4.0, -0.20999999999999952, 
4.050000000000001, 5.29, 
4.050000000000001, -0.009999999999999787, 
4.050000000000001, -0.20999999999999952, 
4.100000000000001, 5.29, 
4.100000000000001, -0.009999999999999787, 
4.100000000000001, -0.20999999999999952, 
4.15, 5.29, 
4.15, 5.240000000000001, 
4.15, 5.19, 
4.15, 5.1400000000000015, 
4.15, 5.090000000000001, 
4.15, 5.04, 
4.15, 4.990000000000001, 
4.15, 4.94, 
4.15, 4.8900000000000015, 
4.15, -0.009999999999999787, 
4.15, -0.20999999999999952, 
4.200000000000001, 5.29, 
4.200000000000001, 5.240000000000001, 
4.200000000000001, 5.19, 
4.200000000000001, 5.1400000000000015, 
4.200000000000001, 5.090000000000001, 
4.200000000000001, 5.04, 
4.200000000000001, 4.990000000000001, 
4.200000000000001, 4.94, 
4.200000000000001, 4.8900000000000015, 
4.200000000000001, -0.009999999999999787, 
4.25, 5.29, 
4.25, 5.240000000000001, 
4.25, -0.009999999999999787, 
4.300000000000001, 5.29, 
4.300000000000001, 5.240000000000001, 
4.300000000000001, -0.009999999999999787, 
4.350000000000001, 5.29, 
4.350000000000001, 5.240000000000001, 
4.350000000000001, -0.009999999999999787, 
4.350000000000001, -0.20999999999999952, 
4.4, 5.29, 
4.4, 5.240000000000001, 
4.4, -0.009999999999999787, 
4.450000000000001, 5.29, 
4.450000000000001, 5.240000000000001, 
4.450000000000001, -0.009999999999999787, 
4.5, 5.29, 
4.5, 5.240000000000001, 
4.5, -0.009999999999999787, 
4.550000000000001, 5.29, 
4.550000000000001, -0.009999999999999787, 
4.600000000000001, 5.29, 
4.600000000000001, 5.240000000000001, 
4.600000000000001, -0.009999999999999787, 
4.65, 5.29, 
4.65, -0.009999999999999787, 
4.700000000000001, 5.29, 
4.700000000000001, -0.009999999999999787, 
4.75, 5.29, 
4.75, 5.240000000000001, 
4.75, -0.009999999999999787, 
4.800000000000001, 5.29, 
4.800000000000001, 5.240000000000001, 
4.800000000000001, 0.040000000000000924, 
4.800000000000001, -0.009999999999999787, 
4.800000000000001, -0.25999999999999934, 
4.800000000000001, -0.40999999999999925, 
4.800000000000001, -0.4599999999999995, 
4.800000000000001, -0.5099999999999993, 
4.800000000000001, -0.5599999999999996, 
4.800000000000001, -0.7099999999999995, 
4.800000000000001, -0.7599999999999993, 
4.800000000000001, -0.8099999999999996, 
4.800000000000001, -0.8599999999999994, 
4.850000000000001, 5.29, 
4.850000000000001, 5.240000000000001, 
4.850000000000001, 0.040000000000000924, 
4.850000000000001, -0.009999999999999787, 
4.9, 5.29, 
4.9, 5.240000000000001, 
4.9, -0.009999999999999787, 
4.950000000000001, 5.29, 
4.950000000000001, 5.240000000000001, 
4.950000000000001, 0.040000000000000924, 
4.950000000000001, -0.009999999999999787, 
5.0, 5.29, 
5.0, 0.040000000000000924, 
5.0, -0.009999999999999787, 
5.0, -1.4599999999999995, 
5.0, -1.8099999999999996, 
5.0, -1.8599999999999994, 
5.0, -1.9099999999999997, 
5.0, -1.9599999999999995, 
5.0, -2.0099999999999993, 
5.050000000000001, 5.29, 
5.050000000000001, 5.240000000000001, 
5.050000000000001, 5.19, 
5.050000000000001, 5.1400000000000015, 
5.050000000000001, 5.090000000000001, 
5.050000000000001, 5.04, 
5.050000000000001, 4.990000000000001, 
5.050000000000001, 4.94, 
5.050000000000001, 4.8900000000000015, 
5.050000000000001, 0.040000000000000924, 
5.050000000000001, -0.009999999999999787, 
5.100000000000001, 5.29, 
5.100000000000001, 5.240000000000001, 
5.100000000000001, 5.19, 
5.100000000000001, 5.1400000000000015, 
5.100000000000001, 5.090000000000001, 
5.100000000000001, 5.04, 
5.100000000000001, 4.990000000000001, 
5.100000000000001, 4.94, 
5.100000000000001, 4.8900000000000015, 
5.100000000000001, 0.040000000000000924, 
5.100000000000001, -0.009999999999999787, 
5.15, 5.29, 
5.15, 0.040000000000000924, 
5.15, -0.009999999999999787, 
5.200000000000001, 5.29, 
5.200000000000001, 0.040000000000000924, 
5.200000000000001, -0.009999999999999787, 
5.25, 5.29, 
5.25, 0.040000000000000924, 
5.25, -0.009999999999999787, 
5.300000000000001, 5.29, 
5.300000000000001, 0.040000000000000924, 
5.300000000000001, -0.009999999999999787, 
5.350000000000001, 5.29, 
5.350000000000001, 0.040000000000000924, 
5.350000000000001, -0.009999999999999787, 
5.4, 5.29, 
5.4, 0.040000000000000924, 
5.4, -0.009999999999999787, 
5.450000000000001, 5.29, 
5.450000000000001, 0.040000000000000924, 
5.450000000000001, -0.009999999999999787, 
5.5, 5.29, 
5.5, 0.040000000000000924, 
5.5, -0.009999999999999787, 
5.550000000000001, 5.29, 
5.550000000000001, 0.040000000000000924, 
5.550000000000001, -0.009999999999999787, 
5.600000000000001, 5.29, 
5.600000000000001, 0.040000000000000924, 
5.600000000000001, -0.009999999999999787, 
5.65, 5.29, 
5.65, 3.6400000000000006, 
5.65, 3.5900000000000007, 
5.65, 3.540000000000001, 
5.65, 3.490000000000001, 
5.65, 2.290000000000001, 
5.65, 2.240000000000001, 
5.65, 2.1900000000000004, 
5.65, 0.040000000000000924, 
5.65, -0.009999999999999787, 
5.700000000000001, 5.29, 
5.700000000000001, 3.6400000000000006, 
5.700000000000001, 3.5900000000000007, 
5.700000000000001, 3.540000000000001, 
5.700000000000001, 2.290000000000001, 
5.700000000000001, 2.240000000000001, 
5.700000000000001, 2.1900000000000004, 
5.700000000000001, 0.040000000000000924, 
5.700000000000001, -0.009999999999999787, 
5.75, 5.29, 
5.75, 3.6400000000000006, 
5.75, 3.5900000000000007, 
5.75, 3.540000000000001, 
5.75, 2.290000000000001, 
5.75, 2.240000000000001, 
5.75, 2.1900000000000004, 
5.75, 0.040000000000000924, 
5.75, -0.009999999999999787, 
5.75, -0.05999999999999961, 
5.75, -0.10999999999999943, 
5.800000000000001, 5.29, 
5.800000000000001, 3.6400000000000006, 
5.800000000000001, 3.5900000000000007, 
5.800000000000001, 3.540000000000001, 
5.800000000000001, 2.290000000000001, 
5.800000000000001, 2.240000000000001, 
5.800000000000001, 2.1900000000000004, 
5.850000000000001, 5.29, 
5.9, 5.29, 
5.950000000000001, 5.29, 
5.950000000000001, 5.240000000000001, 
5.950000000000001, 4.990000000000001, 
6.0, 5.29, 
6.0, 5.240000000000001, 
6.0, 5.19, 
6.0, 5.1400000000000015, 
6.0, 5.090000000000001, 
6.0, 5.04, 
6.0, 4.990000000000001, 
6.0, 4.94, 
6.0, 4.8900000000000015, 
6.050000000000001, 5.29, 
6.100000000000001, 5.29, 
6.15, 5.29, 
6.200000000000001, 5.29, 
6.25, 5.29, 
6.300000000000001, 5.29, 
6.350000000000001, 5.29, 
6.4, 5.29, 
6.4, -2.1599999999999993, 
6.450000000000001, 5.29, 
6.5, 5.29, 
6.550000000000001, 5.29, 
6.600000000000001, 5.29, 
6.65, 5.29, 
6.65, 0.040000000000000924, 
6.65, -0.009999999999999787, 
6.65, -0.05999999999999961, 
6.65, -0.10999999999999943, 
6.700000000000001, 0.040000000000000924, 
6.75, 5.29, 
6.75, 0.040000000000000924, 
6.800000000000001, 5.29, 
6.800000000000001, 0.040000000000000924, 
6.850000000000001, 0.040000000000000924, 
6.9, 5.29, 
6.9, 0.040000000000000924, 
6.950000000000001, 0.040000000000000924, 
7.0, 0.040000000000000924, 
7.050000000000001, 5.29, 
7.050000000000001, 0.040000000000000924, 
7.100000000000001, 0.09000000000000075, 
7.100000000000001, 0.040000000000000924, 
7.15, 0.040000000000000924, 
7.200000000000001, 0.040000000000000924, 
7.25, 0.040000000000000924, 
7.300000000000001, 5.29, 
7.300000000000001, 5.240000000000001, 
7.300000000000001, 5.19, 
7.300000000000001, 5.1400000000000015, 
7.300000000000001, 5.090000000000001, 
7.300000000000001, 5.04, 
7.300000000000001, 4.990000000000001, 
7.300000000000001, 4.94, 
7.300000000000001, 4.8900000000000015, 
7.300000000000001, 4.840000000000001, 
7.300000000000001, 4.79, 
7.300000000000001, 4.740000000000001, 
7.300000000000001, 4.69, 
7.300000000000001, 4.6400000000000015, 
7.300000000000001, 4.590000000000001, 
7.300000000000001, 4.54, 
7.300000000000001, 4.490000000000001, 
7.300000000000001, 4.44, 
7.300000000000001, 4.3900000000000015, 
7.300000000000001, 4.340000000000001, 
7.300000000000001, 4.29, 
7.300000000000001, 4.240000000000001, 
7.300000000000001, 4.19, 
7.300000000000001, 4.1400000000000015, 
7.300000000000001, 4.090000000000001, 
7.300000000000001, 4.04, 
7.300000000000001, 3.8900000000000006, 
7.300000000000001, 0.040000000000000924, 
7.350000000000001, 5.29, 
7.350000000000001, 5.1400000000000015, 
7.350000000000001, 5.090000000000001, 
7.350000000000001, 5.04, 
7.350000000000001, 4.990000000000001, 
7.350000000000001, 4.94, 
7.350000000000001, 4.8900000000000015, 
7.350000000000001, 4.840000000000001, 
7.350000000000001, 4.79, 
7.350000000000001, 4.740000000000001, 
7.350000000000001, 4.69, 
7.350000000000001, 4.6400000000000015, 
7.350000000000001, 4.590000000000001, 
7.350000000000001, 4.54, 
7.350000000000001, 4.490000000000001, 
7.350000000000001, 4.44, 
7.350000000000001, 4.3900000000000015, 
7.350000000000001, 4.340000000000001, 
7.350000000000001, 4.29, 
7.350000000000001, 4.240000000000001, 
7.350000000000001, 4.19, 
7.350000000000001, 4.1400000000000015, 
7.350000000000001, 4.090000000000001, 
7.350000000000001, 4.04, 
7.350000000000001, 3.990000000000001, 
7.350000000000001, 3.9400000000000004, 
7.350000000000001, 3.8900000000000006, 
7.350000000000001, 3.8400000000000007, 
7.350000000000001, 3.790000000000001, 
7.350000000000001, 3.740000000000001, 
7.350000000000001, 3.6900000000000004, 
7.350000000000001, 3.6400000000000006, 
7.350000000000001, 3.5900000000000007, 
7.350000000000001, 3.540000000000001, 
7.350000000000001, 3.490000000000001, 
7.350000000000001, 3.4400000000000004, 
7.350000000000001, 3.3900000000000006, 
7.350000000000001, 3.3400000000000007, 
7.350000000000001, 3.290000000000001, 
7.350000000000001, 3.240000000000001, 
7.350000000000001, 3.1900000000000004, 
7.350000000000001, 3.1400000000000006, 
7.350000000000001, 3.0900000000000007, 
7.350000000000001, 3.040000000000001, 
7.350000000000001, 2.990000000000001, 
7.350000000000001, 2.9400000000000004, 
7.350000000000001, 2.8900000000000006, 
7.350000000000001, 2.8400000000000007, 
7.350000000000001, 2.790000000000001, 
7.350000000000001, 2.740000000000001, 
7.350000000000001, 2.6900000000000004, 
7.350000000000001, 2.6400000000000006, 
7.350000000000001, 2.5900000000000007, 
7.350000000000001, 2.540000000000001, 
7.350000000000001, 2.490000000000001, 
7.350000000000001, 2.4400000000000004, 
7.350000000000001, 2.3900000000000006, 
7.350000000000001, 2.3400000000000007, 
7.350000000000001, 2.290000000000001, 
7.350000000000001, 2.240000000000001, 
7.350000000000001, 2.1900000000000004, 
7.350000000000001, 2.1400000000000006, 
7.350000000000001, 2.0900000000000007, 
7.350000000000001, 2.040000000000001, 
7.350000000000001, 1.990000000000001, 
7.350000000000001, 1.9400000000000004, 
7.350000000000001, 1.8900000000000006, 
7.350000000000001, 1.8400000000000007, 
7.350000000000001, 1.790000000000001, 
7.350000000000001, 1.740000000000001, 
7.350000000000001, 1.6900000000000004, 
7.350000000000001, 1.6400000000000006, 
7.350000000000001, 1.5900000000000007, 
7.350000000000001, 1.540000000000001, 
7.350000000000001, 1.490000000000001, 
7.350000000000001, 1.4400000000000004, 
7.350000000000001, 1.3900000000000006, 
7.350000000000001, 1.290000000000001, 
7.350000000000001, 1.1400000000000006, 
7.350000000000001, 0.040000000000000924, 
7.4, 2.790000000000001, 
7.4, 2.5900000000000007, 
7.4, 2.3900000000000006, 
7.4, 2.3400000000000007, 
7.4, 2.290000000000001, 
7.4, 2.240000000000001, 
7.4, 2.1900000000000004, 
7.4, 2.1400000000000006, 
7.4, 2.0900000000000007, 
7.4, 2.040000000000001, 
7.4, 1.990000000000001, 
7.4, 1.9400000000000004, 
7.4, 1.8900000000000006, 
7.4, 1.8400000000000007, 
7.4, 1.790000000000001, 
7.4, 1.740000000000001, 
7.4, 1.6900000000000004, 
7.4, 1.6400000000000006, 
7.4, 1.5900000000000007, 
7.4, 1.540000000000001, 
7.4, 1.490000000000001, 
7.4, 1.4400000000000004, 
7.4, 1.3900000000000006, 
7.4, 1.3400000000000007, 
7.4, 1.290000000000001, 
7.4, 1.240000000000001, 
7.4, 1.1900000000000004, 
7.4, 1.1400000000000006, 
7.4, 1.0900000000000007, 
7.4, 1.040000000000001, 
7.4, 0.9900000000000011, 
7.4, 0.9400000000000004, 
7.4, 0.8900000000000006, 
7.4, 0.8400000000000007, 
7.4, 0.7900000000000009, 
7.4, 0.7400000000000011, 
7.4, 0.6900000000000004, 
7.4, 0.6400000000000006, 
7.4, 0.5900000000000007, 
7.4, 0.5400000000000009, 
7.4, 0.4900000000000002, 
7.4, 0.4400000000000004, 
7.4, 0.39000000000000057, 
7.4, 0.34000000000000075, 
7.4, 0.2900000000000009, 
7.4, 0.2400000000000002, 
7.4, 0.1900000000000004, 
7.4, 0.14000000000000057, 
7.4, 0.09000000000000075, 
7.4, 0.040000000000000924, 
7.4, -0.4599999999999995, 
7.4, -0.6099999999999994, 
7.4, -0.6599999999999993, 
7.4, -0.8099999999999996, 
